Workbook
Name AlunosGrupo: 'Listas de apoio'!$I$5:$I$8
Name AlunosRotacao: '[1]Listas de apoio'!$A$5:$A$8
Name Confirmacoes: 'Listas de apoio'!$G$5:$G$6
Name EstadosSprint: 'Listas de apoio'!$C$5:$C$10
Name Orcamentos: '[2]Listas de apoio'!$G$5:$G$12
Name OrcamentosSprint: 'Listas de apoio'!$A$5:$A$10
Name PapeisSprint: 'Listas de apoio'!$E$5:$E$7

Sheet Sprint Backlog
A1: SPRINT BACKLOG
A2: Campos editáveis — substituir os exemplos | E2: Campos calculados — não alterar | I2: Erros e incoerências — rever
A4: IDENTIFICAÇÃO | B4: IDENTIFICAÇÃO | C4: IDENTIFICAÇÃO | D4: IDENTIFICAÇÃO | E4: IDENTIFICAÇÃO | F4: IDENTIFICAÇÃO | G4: IDENTIFICAÇÃO | H4: IDENTIFICAÇÃO | I4: IDENTIFICAÇÃO | J4: IDENTIFICAÇÃO | K4: IDENTIFICAÇÃO | L4: IDENTIFICAÇÃO | M4: IDENTIFICAÇÃO | N4: IDENTIFICAÇÃO
A5: Sprint | C5: Sprint 02 | E5: Backlog de Projeto de origem — PDF assinado no Backlog Refinement | I5: /projeto/01-artefactos-de-gestao/01.04-backlog-de-projeto/m2-20261007-backlog-projeto-v01.pdf
A7: PLANEAMENTO ORIGINAL | B7: PLANEAMENTO ORIGINAL | C7: PLANEAMENTO ORIGINAL | D7: PLANEAMENTO ORIGINAL | E7: PAPÉIS E PRAZO | F7: PAPÉIS E PRAZO | G7: PAPÉIS E PRAZO | H7: PAPÉIS E PRAZO | I7: PAPÉIS E PRAZO | J7: PAPÉIS E PRAZO | K7: PAPÉIS E PRAZO | L7: ACOMPANHAMENTO DO SPRINT | M7: ACOMPANHAMENTO DO SPRINT | N7: ACOMPANHAMENTO DO SPRINT
A8: Ordem no Sprint | B8: Issue | C8: Tarefa | D8: Orçamento da tarefa | E8: Executor inicialmente atribuído | F8: Pontos iniciais do Executor | G8: Revisor inicialmente atribuído | H8: Pontos iniciais do Revisor | I8: Auditor inicialmente atribuído | J8: Pontos iniciais do Auditor | K8: Prazo máximo do Executor | L8: Estado atual | M8: Transferência formal | N8: Histórico e observações do Sprint
A9: 1 | B9: I011 | C9: Atualizar Grelha de Rotação de Papéis | D9: 10 | E9: Gonçalo Magalhães Ribeiro | F9: =IF($A9="","",$D9*60%) -> 6 | G9: Ivan Cristiano Silva Mendes | H9: =IF($A9="","",$D9*30%) -> 3 | I9: Gonçalo Dinis Magalhães Teixeira | J9: =IF($A9="","",$D9*10%) -> 1 | K9: 46301.75 | L9: Done | M9: Não aplicável | N9: Tarefa concluída e definida como "Done" na Sprint Review de 08/10/2026; Registos apresentados em ata de Sprint Review.
A10: 2 | B10: I012 | C10: Especificação de Requisitos | D10: 50 | E10: Gonçalo Dinis Magalhães Teixeira | F10: =IF($A10="","",$D10*60%) -> 30 | G10: Gonçalo Magalhães Ribeiro | H10: =IF($A10="","",$D10*30%) -> 15 | I10: André Filipe Moreira Mesquita | J10: =IF($A10="","",$D10*10%) -> 5 | K10: 46302.75 | L10: Done | M10: Não aplicável | N10: Tarefa concluída e definida como "Done" na Sprint Review de 08/10/2026; Registos apresentados em ata de Sprint Review.
A11: 3 | B11: I013 | C11: Checklist de Aprovação dos Requisitos | D11: 30 | E11: André Filipe Moreira Mesquita | F11: =IF($A11="","",$D11*60%) -> 18 | G11: Gonçalo Dinis Magalhães Teixeira | H11: =IF($A11="","",$D11*30%) -> 9 | I11: Gonçalo Magalhães Ribeiro | J11: =IF($A11="","",$D11*10%) -> 3 | K11: 46302.75 | L11: Done | M11: Não aplicável | N11: Tarefa concluída e definida como "Done" na Sprint Review de 08/10/2026; Registos apresentados em ata de Sprint Review.
A12: 4 | B12: I014 | C12: Matriz de Rastreabilidade de Requisitos (RTM) v1 | D12: 30 | E12: Gonçalo Dinis Magalhães Teixeira | F12: =IF($A12="","",$D12*60%) -> 18 | G12: Gonçalo Magalhães Ribeiro | H12: =IF($A12="","",$D12*30%) -> 9 | I12: Ivan Cristiano Silva Mendes | J12: =IF($A12="","",$D12*10%) -> 3 | K12: 46302.75 | L12: Done | M12: Não aplicável | N12: Tarefa concluída e definida como "Done" na Sprint Review de 08/10/2026; Registos apresentados em ata de Sprint Review.
A13: 5 | B13: I015 | C13: Especificação dos casos de uso | D13: 50 | E13: Ivan Cristiano Silva Mendes | F13: =IF($A13="","",$D13*60%) -> 30 | G13: André Filipe Moreira Mesquita | H13: =IF($A13="","",$D13*30%) -> 15 | I13: Gonçalo Magalhães Ribeiro | J13: =IF($A13="","",$D13*10%) -> 5 | K13: 46302.75 | L13: Done | M13: Não aplicável | N13: Tarefa concluída e definida como "Done" na Sprint Review de 08/10/2026; Registos apresentados em ata de Sprint Review.
A14: 6 | B14: I016 | C14: Modelo de Dados (Base de dados clinica-veterinaria) | D14: 50 | E14: Gonçalo Magalhães Ribeiro | F14: =IF($A14="","",$D14*60%) -> 30 | G14: Gonçalo Dinis Magalhães Teixeira | H14: =IF($A14="","",$D14*30%) -> 15 | I14: André Filipe Moreira Mesquita | J14: =IF($A14="","",$D14*10%) -> 5 | K14: 46302.75 | L14: Done | M14: Não aplicável | N14: Tarefa concluída e definida como "Done" na Sprint Review de 08/10/2026; Registos apresentados em ata de Sprint Review.
A15: 7 | B15: I017 | C15: Protótipo de baixa fidelidade | D15: 50 | E15: Gonçalo Dinis Magalhães Teixeira | F15: =IF($A15="","",$D15*60%) -> 30 | G15: Gonçalo Magalhães Ribeiro | H15: =IF($A15="","",$D15*30%) -> 15 | I15: Ivan Cristiano Silva Mendes | J15: =IF($A15="","",$D15*10%) -> 5 | K15: 46302.75 | L15: Done | M15: Não aplicável | N15: Tarefa concluída e definida como "Done" na Sprint Review de 08/10/2026; Registos apresentados em ata de Sprint Review.
A16: 8 | B16: I018 | C16: Documentação de API | D16: 50 | E16: André Filipe Moreira Mesquita | F16: =IF($A16="","",$D16*60%) -> 30 | G16: Ivan Cristiano Silva Mendes | H16: =IF($A16="","",$D16*30%) -> 15 | I16: Gonçalo Magalhães Ribeiro | J16: =IF($A16="","",$D16*10%) -> 5 | K16: 46302.75 | L16: Done | M16: Não aplicável | N16: Tarefa concluída e definida como "Done" na Sprint Review de 08/10/2026; Registos apresentados em ata de Sprint Review.
A17: 9 | B17: I019 | C17: Documentação da Arquitetura | D17: 50 | E17: Gonçalo Dinis Magalhães Teixeira | F17: =IF($A17="","",$D17*60%) -> 30 | G17: Gonçalo Magalhães Ribeiro | H17: =IF($A17="","",$D17*30%) -> 15 | I17: André Filipe Moreira Mesquita | J17: =IF($A17="","",$D17*10%) -> 5 | K17: 46302.75 | L17: Done | M17: Não aplicável | N17: Tarefa concluída e definida como "Done" na Sprint Review de 08/10/2026; Registos apresentados em ata de Sprint Review.
A18: 10 | B18: I020 | C18: Modelo de Classes - Backend | D18: 30 | E18: André Filipe Moreira Mesquita | F18: =IF($A18="","",$D18*60%) -> 18 | G18: Ivan Cristiano Silva Mendes | H18: =IF($A18="","",$D18*30%) -> 9 | I18: Gonçalo Dinis Magalhães Teixeira | J18: =IF($A18="","",$D18*10%) -> 3 | K18: 46302.75 | L18: Done | M18: Não aplicável | N18: Tarefa concluída e definida como "Done" na Sprint Review de 08/10/2026; Registos apresentados em ata de Sprint Review.
A19: 11 | B19: I021 | C19: Modelo de Classes - Frontend Web | D19: 30 | E19: Gonçalo Dinis Magalhães Teixeira | F19: =IF($A19="","",$D19*60%) -> 18 | G19: André Filipe Moreira Mesquita | H19: =IF($A19="","",$D19*30%) -> 9 | I19: Ivan Cristiano Silva Mendes | J19: =IF($A19="","",$D19*10%) -> 3 | K19: 46302.75 | L19: Done | M19: Não aplicável | N19: Tarefa concluída e definida como "Done" na Sprint Review de 08/10/2026; Registos apresentados em ata de Sprint Review.
A20: 12 | B20: I022 | C20: Modelo de Classes - Frontend Mobile | D20: 20 | E20: Gonçalo Magalhães Ribeiro | F20: =IF($A20="","",$D20*60%) -> 12 | G20: Gonçalo Dinis Magalhães Teixeira | H20: =IF($A20="","",$D20*30%) -> 6 | I20: André Filipe Moreira Mesquita | J20: =IF($A20="","",$D20*10%) -> 2 | K20: 46302.75 | L20: Done | M20: Não aplicável | N20: Tarefa concluída e definida como "Done" na Sprint Review de 08/10/2026; Registos apresentados em ata de Sprint Review.
A21: 13 | B21: I023 | C21: Diagrama de sequência — autenticar utilizador | D21: 20 | E21: André Filipe Moreira Mesquita | F21: =IF($A21="","",$D21*60%) -> 12 | G21: Gonçalo Magalhães Ribeiro | H21: =IF($A21="","",$D21*30%) -> 6 | I21: Ivan Cristiano Silva Mendes | J21: =IF($A21="","",$D21*10%) -> 2 | K21: 46302.75 | L21: Done | M21: Não aplicável | N21: Tarefa concluída e definida como "Done" na Sprint Review de 08/10/2026; Registos apresentados em ata de Sprint Review.

Sheet Transferências
A1: TRANSFERÊNCIAS FORMAIS
A2: EXEMPLO CUMULATIVO — esta folha é preenchida apenas depois de uma transferência formalmente aprovada. Preserve os registos anteriores e acrescente as novas transferências; nunca altere o planeamento original da folha «Sprint Backlog». | B2: EXEMPLO CUMULATIVO — esta folha é preenchida apenas depois de uma transferência formalmente aprovada. Preserve os registos anteriores e acrescente as novas transferências; nunca altere o planeamento original da folha «Sprint Backlog». | C2: EXEMPLO CUMULATIVO — esta folha é preenchida apenas depois de uma transferência formalmente aprovada. Preserve os registos anteriores e acrescente as novas transferências; nunca altere o planeamento original da folha «Sprint Backlog». | D2: EXEMPLO CUMULATIVO — esta folha é preenchida apenas depois de uma transferência formalmente aprovada. Preserve os registos anteriores e acrescente as novas transferências; nunca altere o planeamento original da folha «Sprint Backlog». | E2: EXEMPLO CUMULATIVO — esta folha é preenchida apenas depois de uma transferência formalmente aprovada. Preserve os registos anteriores e acrescente as novas transferências; nunca altere o planeamento original da folha «Sprint Backlog». | F2: EXEMPLO CUMULATIVO — esta folha é preenchida apenas depois de uma transferência formalmente aprovada. Preserve os registos anteriores e acrescente as novas transferências; nunca altere o planeamento original da folha «Sprint Backlog». | G2: EXEMPLO CUMULATIVO — esta folha é preenchida apenas depois de uma transferência formalmente aprovada. Preserve os registos anteriores e acrescente as novas transferências; nunca altere o planeamento original da folha «Sprint Backlog». | H2: EXEMPLO CUMULATIVO — esta folha é preenchida apenas depois de uma transferência formalmente aprovada. Preserve os registos anteriores e acrescente as novas transferências; nunca altere o planeamento original da folha «Sprint Backlog». | I2: EXEMPLO CUMULATIVO — esta folha é preenchida apenas depois de uma transferência formalmente aprovada. Preserve os registos anteriores e acrescente as novas transferências; nunca altere o planeamento original da folha «Sprint Backlog». | J2: EXEMPLO CUMULATIVO — esta folha é preenchida apenas depois de uma transferência formalmente aprovada. Preserve os registos anteriores e acrescente as novas transferências; nunca altere o planeamento original da folha «Sprint Backlog». | K2: EXEMPLO CUMULATIVO — esta folha é preenchida apenas depois de uma transferência formalmente aprovada. Preserve os registos anteriores e acrescente as novas transferências; nunca altere o planeamento original da folha «Sprint Backlog». | L2: EXEMPLO CUMULATIVO — esta folha é preenchida apenas depois de uma transferência formalmente aprovada. Preserve os registos anteriores e acrescente as novas transferências; nunca altere o planeamento original da folha «Sprint Backlog». | M2: EXEMPLO CUMULATIVO — esta folha é preenchida apenas depois de uma transferência formalmente aprovada. Preserve os registos anteriores e acrescente as novas transferências; nunca altere o planeamento original da folha «Sprint Backlog». | N2: EXEMPLO CUMULATIVO — esta folha é preenchida apenas depois de uma transferência formalmente aprovada. Preserve os registos anteriores e acrescente as novas transferências; nunca altere o planeamento original da folha «Sprint Backlog». | O2: EXEMPLO CUMULATIVO — esta folha é preenchida apenas depois de uma transferência formalmente aprovada. Preserve os registos anteriores e acrescente as novas transferências; nunca altere o planeamento original da folha «Sprint Backlog». | P2: EXEMPLO CUMULATIVO — esta folha é preenchida apenas depois de uma transferência formalmente aprovada. Preserve os registos anteriores e acrescente as novas transferências; nunca altere o planeamento original da folha «Sprint Backlog».
A3: Campos editáveis — substituir os exemplos | F3: Campos calculados — não alterar | K3: Erros e incoerências — rever
A5: Cada versão é cumulativa e resulta de uma única reunião formal. A ata identifica o ficheiro editável efetivamente utilizado, em formato XLS ou XLSX, e o respetivo PDF congelado, pelo que não se repetem aqui a data, a ata nem a versão do ficheiro. A coluna «Verificação da conservação dos pontos» deve apresentar OK e a independência dos papéis deve ser confirmada antes da exportação para PDF. Nas três colunas de distribuição atual, identifique todos os alunos que conservam ou recebem pontos em cada papel e indique os respetivos pontos. | B5: Cada versão é cumulativa e resulta de uma única reunião formal. A ata identifica o XLSX e o PDF congelado, pelo que não se repetem aqui a data, a ata nem a versão do ficheiro. A coluna «Conservação da parcela» deve apresentar OK e a independência dos papéis deve ser confirmada antes da exportação para PDF. | C5: Cada versão é cumulativa e resulta de uma única reunião formal. A ata identifica o XLSX e o PDF congelado, pelo que não se repetem aqui a data, a ata nem a versão do ficheiro. A coluna «Conservação da parcela» deve apresentar OK e a independência dos papéis deve ser confirmada antes da exportação para PDF. | D5: Cada versão é cumulativa e resulta de uma única reunião formal. A ata identifica o XLSX e o PDF congelado, pelo que não se repetem aqui a data, a ata nem a versão do ficheiro. A coluna «Conservação da parcela» deve apresentar OK e a independência dos papéis deve ser confirmada antes da exportação para PDF. | E5: Cada versão é cumulativa e resulta de uma única reunião formal. A ata identifica o XLSX e o PDF congelado, pelo que não se repetem aqui a data, a ata nem a versão do ficheiro. A coluna «Conservação da parcela» deve apresentar OK e a independência dos papéis deve ser confirmada antes da exportação para PDF. | F5: Cada versão é cumulativa e resulta de uma única reunião formal. A ata identifica o XLSX e o PDF congelado, pelo que não se repetem aqui a data, a ata nem a versão do ficheiro. A coluna «Conservação da parcela» deve apresentar OK e a independência dos papéis deve ser confirmada antes da exportação para PDF. | G5: Cada versão é cumulativa e resulta de uma única reunião formal. A ata identifica o XLSX e o PDF congelado, pelo que não se repetem aqui a data, a ata nem a versão do ficheiro. A coluna «Conservação da parcela» deve apresentar OK e a independência dos papéis deve ser confirmada antes da exportação para PDF. | H5: Cada versão é cumulativa e resulta de uma única reunião formal. A ata identifica o XLSX e o PDF congelado, pelo que não se repetem aqui a data, a ata nem a versão do ficheiro. A coluna «Conservação da parcela» deve apresentar OK e a independência dos papéis deve ser confirmada antes da exportação para PDF. | I5: Cada versão é cumulativa e resulta de uma única reunião formal. A ata identifica o XLSX e o PDF congelado, pelo que não se repetem aqui a data, a ata nem a versão do ficheiro. A coluna «Conservação da parcela» deve apresentar OK e a independência dos papéis deve ser confirmada antes da exportação para PDF. | J5: Cada versão é cumulativa e resulta de uma única reunião formal. A ata identifica o XLSX e o PDF congelado, pelo que não se repetem aqui a data, a ata nem a versão do ficheiro. A coluna «Conservação da parcela» deve apresentar OK e a independência dos papéis deve ser confirmada antes da exportação para PDF. | K5: Cada versão é cumulativa e resulta de uma única reunião formal. A ata identifica o XLSX e o PDF congelado, pelo que não se repetem aqui a data, a ata nem a versão do ficheiro. A coluna «Conservação da parcela» deve apresentar OK e a independência dos papéis deve ser confirmada antes da exportação para PDF. | L5: Cada versão é cumulativa e resulta de uma única reunião formal. A ata identifica o XLSX e o PDF congelado, pelo que não se repetem aqui a data, a ata nem a versão do ficheiro. A coluna «Conservação da parcela» deve apresentar OK e a independência dos papéis deve ser confirmada antes da exportação para PDF. | M5: Cada versão é cumulativa e resulta de uma única reunião formal. A ata identifica o XLSX e o PDF congelado, pelo que não se repetem aqui a data, a ata nem a versão do ficheiro. A coluna «Conservação da parcela» deve apresentar OK e a independência dos papéis deve ser confirmada antes da exportação para PDF. | N5: Cada versão é cumulativa e resulta de uma única reunião formal. A ata identifica o XLSX e o PDF congelado, pelo que não se repetem aqui a data, a ata nem a versão do ficheiro. A coluna «Conservação da parcela» deve apresentar OK e a independência dos papéis deve ser confirmada antes da exportação para PDF. | O5: Cada versão é cumulativa e resulta de uma única reunião formal. A ata identifica o XLSX e o PDF congelado, pelo que não se repetem aqui a data, a ata nem a versão do ficheiro. A coluna «Conservação da parcela» deve apresentar OK e a independência dos papéis deve ser confirmada antes da exportação para PDF. | P5: Cada versão é cumulativa e resulta de uma única reunião formal. A ata identifica o XLSX e o PDF congelado, pelo que não se repetem aqui a data, a ata nem a versão do ficheiro. A coluna «Conservação da parcela» deve apresentar OK e a independência dos papéis deve ser confirmada antes da exportação para PDF.
A6: Cada versão é cumulativa e resulta de uma única reunião formal. A ata identifica o XLSX e o PDF congelado, pelo que não se repetem aqui a data, a ata nem a versão do ficheiro. A coluna «Conservação da parcela» deve apresentar OK e a independência dos papéis deve ser confirmada antes da exportação para PDF. | B6: Cada versão é cumulativa e resulta de uma única reunião formal. A ata identifica o XLSX e o PDF congelado, pelo que não se repetem aqui a data, a ata nem a versão do ficheiro. A coluna «Conservação da parcela» deve apresentar OK e a independência dos papéis deve ser confirmada antes da exportação para PDF. | C6: Cada versão é cumulativa e resulta de uma única reunião formal. A ata identifica o XLSX e o PDF congelado, pelo que não se repetem aqui a data, a ata nem a versão do ficheiro. A coluna «Conservação da parcela» deve apresentar OK e a independência dos papéis deve ser confirmada antes da exportação para PDF. | D6: Cada versão é cumulativa e resulta de uma única reunião formal. A ata identifica o XLSX e o PDF congelado, pelo que não se repetem aqui a data, a ata nem a versão do ficheiro. A coluna «Conservação da parcela» deve apresentar OK e a independência dos papéis deve ser confirmada antes da exportação para PDF. | E6: Cada versão é cumulativa e resulta de uma única reunião formal. A ata identifica o XLSX e o PDF congelado, pelo que não se repetem aqui a data, a ata nem a versão do ficheiro. A coluna «Conservação da parcela» deve apresentar OK e a independência dos papéis deve ser confirmada antes da exportação para PDF. | F6: Cada versão é cumulativa e resulta de uma única reunião formal. A ata identifica o XLSX e o PDF congelado, pelo que não se repetem aqui a data, a ata nem a versão do ficheiro. A coluna «Conservação da parcela» deve apresentar OK e a independência dos papéis deve ser confirmada antes da exportação para PDF. | G6: Cada versão é cumulativa e resulta de uma única reunião formal. A ata identifica o XLSX e o PDF congelado, pelo que não se repetem aqui a data, a ata nem a versão do ficheiro. A coluna «Conservação da parcela» deve apresentar OK e a independência dos papéis deve ser confirmada antes da exportação para PDF. | H6: Cada versão é cumulativa e resulta de uma única reunião formal. A ata identifica o XLSX e o PDF congelado, pelo que não se repetem aqui a data, a ata nem a versão do ficheiro. A coluna «Conservação da parcela» deve apresentar OK e a independência dos papéis deve ser confirmada antes da exportação para PDF. | I6: Cada versão é cumulativa e resulta de uma única reunião formal. A ata identifica o XLSX e o PDF congelado, pelo que não se repetem aqui a data, a ata nem a versão do ficheiro. A coluna «Conservação da parcela» deve apresentar OK e a independência dos papéis deve ser confirmada antes da exportação para PDF. | J6: Cada versão é cumulativa e resulta de uma única reunião formal. A ata identifica o XLSX e o PDF congelado, pelo que não se repetem aqui a data, a ata nem a versão do ficheiro. A coluna «Conservação da parcela» deve apresentar OK e a independência dos papéis deve ser confirmada antes da exportação para PDF. | K6: Cada versão é cumulativa e resulta de uma única reunião formal. A ata identifica o XLSX e o PDF congelado, pelo que não se repetem aqui a data, a ata nem a versão do ficheiro. A coluna «Conservação da parcela» deve apresentar OK e a independência dos papéis deve ser confirmada antes da exportação para PDF. | L6: Cada versão é cumulativa e resulta de uma única reunião formal. A ata identifica o XLSX e o PDF congelado, pelo que não se repetem aqui a data, a ata nem a versão do ficheiro. A coluna «Conservação da parcela» deve apresentar OK e a independência dos papéis deve ser confirmada antes da exportação para PDF. | M6: Cada versão é cumulativa e resulta de uma única reunião formal. A ata identifica o XLSX e o PDF congelado, pelo que não se repetem aqui a data, a ata nem a versão do ficheiro. A coluna «Conservação da parcela» deve apresentar OK e a independência dos papéis deve ser confirmada antes da exportação para PDF. | N6: Cada versão é cumulativa e resulta de uma única reunião formal. A ata identifica o XLSX e o PDF congelado, pelo que não se repetem aqui a data, a ata nem a versão do ficheiro. A coluna «Conservação da parcela» deve apresentar OK e a independência dos papéis deve ser confirmada antes da exportação para PDF. | O6: Cada versão é cumulativa e resulta de uma única reunião formal. A ata identifica o XLSX e o PDF congelado, pelo que não se repetem aqui a data, a ata nem a versão do ficheiro. A coluna «Conservação da parcela» deve apresentar OK e a independência dos papéis deve ser confirmada antes da exportação para PDF. | P6: Cada versão é cumulativa e resulta de uma única reunião formal. A ata identifica o XLSX e o PDF congelado, pelo que não se repetem aqui a data, a ata nem a versão do ficheiro. A coluna «Conservação da parcela» deve apresentar OK e a independência dos papéis deve ser confirmada antes da exportação para PDF.
A8: IDENTIFICAÇÃO DA TRANSFERÊNCIA | B8: IDENTIFICAÇÃO DA TRANSFERÊNCIA | C8: IDENTIFICAÇÃO DA TRANSFERÊNCIA | D8: IDENTIFICAÇÃO DA TRANSFERÊNCIA | E8: IDENTIFICAÇÃO DA TRANSFERÊNCIA | F8: IDENTIFICAÇÃO DA TRANSFERÊNCIA | G8: IDENTIFICAÇÃO DA TRANSFERÊNCIA | H8: DISTRIBUIÇÃO DA PARCELA | I8: DISTRIBUIÇÃO DA PARCELA | J8: DISTRIBUIÇÃO DA PARCELA | K8: RESPONSABILIDADES, FUNDAMENTO E CONTROLO | L8: RESPONSABILIDADES, FUNDAMENTO E CONTROLO | M8: RESPONSABILIDADES, FUNDAMENTO E CONTROLO | N8: RESPONSABILIDADES, FUNDAMENTO E CONTROLO | O8: RESPONSABILIDADES, FUNDAMENTO E CONTROLO | P8: RESPONSABILIDADES, FUNDAMENTO E CONTROLO
A9: Transferência | B9: Issue | C9: Tarefa | D9: Papel transferido | E9: Responsável inicial | F9: Novo responsável | G9: Máximo original do papel | H9: Parte reservada ao trabalho inicial | I9: Parte transferida | J9: Parte não atribuída | K9: Distribuição atual da parcela do Executor | L9: Distribuição atual da parcela do Revisor | M9: Distribuição atual da parcela do Auditor | N9: Motivo e evidência | O9: Verificação da conservação dos pontos | P9: Independência dos papéis confirmada
C11: =IFERROR(VLOOKUP(B11,'Sprint Backlog'!$B$10:$N$21,2,FALSE),"") | E11: =IF(B11="","",IF(D11="Executor",IFERROR(VLOOKUP(B11,'Sprint Backlog'!$B$10:$N$21,4,FALSE),""),IF(D11="Revisor",IFERROR(VLOOKUP(B11,'Sprint Backlog'!$B$10:$N$21,6,FALSE),""),IF(D11="Auditor",IFERROR(VLOOKUP(B11,'Sprint Backlog'!$B$10:$N$21,8,FALSE),""),"")))) | G11: =IF(B11="","",IF(D11="Executor",IFERROR(VLOOKUP(B11,'Sprint Backlog'!$B$10:$N$21,5,FALSE),""),IF(D11="Revisor",IFERROR(VLOOKUP(B11,'Sprint Backlog'!$B$10:$N$21,7,FALSE),""),IF(D11="Auditor",IFERROR(VLOOKUP(B11,'Sprint Backlog'!$B$10:$N$21,9,FALSE),""),"")))) | O11: =IF(B11="","",IF(ABS(H11+I11+J11-G11)<0.000001,"OK","REVER"))
C12: =IFERROR(VLOOKUP(B12,'Sprint Backlog'!$B$10:$N$21,2,FALSE),"") | E12: =IF(B12="","",IF(D12="Executor",IFERROR(VLOOKUP(B12,'Sprint Backlog'!$B$10:$N$21,4,FALSE),""),IF(D12="Revisor",IFERROR(VLOOKUP(B12,'Sprint Backlog'!$B$10:$N$21,6,FALSE),""),IF(D12="Auditor",IFERROR(VLOOKUP(B12,'Sprint Backlog'!$B$10:$N$21,8,FALSE),""),"")))) | G12: =IF(B12="","",IF(D12="Executor",IFERROR(VLOOKUP(B12,'Sprint Backlog'!$B$10:$N$21,5,FALSE),""),IF(D12="Revisor",IFERROR(VLOOKUP(B12,'Sprint Backlog'!$B$10:$N$21,7,FALSE),""),IF(D12="Auditor",IFERROR(VLOOKUP(B12,'Sprint Backlog'!$B$10:$N$21,9,FALSE),""),"")))) | O12: =IF(B12="","",IF(ABS(H12+I12+J12-G12)<0.000001,"OK","REVER"))
C13: =IFERROR(VLOOKUP(B13,'Sprint Backlog'!$B$10:$N$21,2,FALSE),"") | E13: =IF(B13="","",IF(D13="Executor",IFERROR(VLOOKUP(B13,'Sprint Backlog'!$B$10:$N$21,4,FALSE),""),IF(D13="Revisor",IFERROR(VLOOKUP(B13,'Sprint Backlog'!$B$10:$N$21,6,FALSE),""),IF(D13="Auditor",IFERROR(VLOOKUP(B13,'Sprint Backlog'!$B$10:$N$21,8,FALSE),""),"")))) | G13: =IF(B13="","",IF(D13="Executor",IFERROR(VLOOKUP(B13,'Sprint Backlog'!$B$10:$N$21,5,FALSE),""),IF(D13="Revisor",IFERROR(VLOOKUP(B13,'Sprint Backlog'!$B$10:$N$21,7,FALSE),""),IF(D13="Auditor",IFERROR(VLOOKUP(B13,'Sprint Backlog'!$B$10:$N$21,9,FALSE),""),"")))) | O13: =IF(B13="","",IF(ABS(H13+I13+J13-G13)<0.000001,"OK","REVER"))
C14: =IFERROR(VLOOKUP(B14,'Sprint Backlog'!$B$10:$N$21,2,FALSE),"") | E14: =IF(B14="","",IF(D14="Executor",IFERROR(VLOOKUP(B14,'Sprint Backlog'!$B$10:$N$21,4,FALSE),""),IF(D14="Revisor",IFERROR(VLOOKUP(B14,'Sprint Backlog'!$B$10:$N$21,6,FALSE),""),IF(D14="Auditor",IFERROR(VLOOKUP(B14,'Sprint Backlog'!$B$10:$N$21,8,FALSE),""),"")))) | G14: =IF(B14="","",IF(D14="Executor",IFERROR(VLOOKUP(B14,'Sprint Backlog'!$B$10:$N$21,5,FALSE),""),IF(D14="Revisor",IFERROR(VLOOKUP(B14,'Sprint Backlog'!$B$10:$N$21,7,FALSE),""),IF(D14="Auditor",IFERROR(VLOOKUP(B14,'Sprint Backlog'!$B$10:$N$21,9,FALSE),""),"")))) | O14: =IF(B14="","",IF(ABS(H14+I14+J14-G14)<0.000001,"OK","REVER"))
C15: =IFERROR(VLOOKUP(B15,'Sprint Backlog'!$B$10:$N$21,2,FALSE),"") | E15: =IF(B15="","",IF(D15="Executor",IFERROR(VLOOKUP(B15,'Sprint Backlog'!$B$10:$N$21,4,FALSE),""),IF(D15="Revisor",IFERROR(VLOOKUP(B15,'Sprint Backlog'!$B$10:$N$21,6,FALSE),""),IF(D15="Auditor",IFERROR(VLOOKUP(B15,'Sprint Backlog'!$B$10:$N$21,8,FALSE),""),"")))) | G15: =IF(B15="","",IF(D15="Executor",IFERROR(VLOOKUP(B15,'Sprint Backlog'!$B$10:$N$21,5,FALSE),""),IF(D15="Revisor",IFERROR(VLOOKUP(B15,'Sprint Backlog'!$B$10:$N$21,7,FALSE),""),IF(D15="Auditor",IFERROR(VLOOKUP(B15,'Sprint Backlog'!$B$10:$N$21,9,FALSE),""),"")))) | O15: =IF(B15="","",IF(ABS(H15+I15+J15-G15)<0.000001,"OK","REVER"))
C16: =IFERROR(VLOOKUP(B16,'Sprint Backlog'!$B$10:$N$21,2,FALSE),"") | E16: =IF(B16="","",IF(D16="Executor",IFERROR(VLOOKUP(B16,'Sprint Backlog'!$B$10:$N$21,4,FALSE),""),IF(D16="Revisor",IFERROR(VLOOKUP(B16,'Sprint Backlog'!$B$10:$N$21,6,FALSE),""),IF(D16="Auditor",IFERROR(VLOOKUP(B16,'Sprint Backlog'!$B$10:$N$21,8,FALSE),""),"")))) | G16: =IF(B16="","",IF(D16="Executor",IFERROR(VLOOKUP(B16,'Sprint Backlog'!$B$10:$N$21,5,FALSE),""),IF(D16="Revisor",IFERROR(VLOOKUP(B16,'Sprint Backlog'!$B$10:$N$21,7,FALSE),""),IF(D16="Auditor",IFERROR(VLOOKUP(B16,'Sprint Backlog'!$B$10:$N$21,9,FALSE),""),"")))) | O16: =IF(B16="","",IF(ABS(H16+I16+J16-G16)<0.000001,"OK","REVER"))
C17: =IFERROR(VLOOKUP(B17,'Sprint Backlog'!$B$10:$N$21,2,FALSE),"") | E17: =IF(B17="","",IF(D17="Executor",IFERROR(VLOOKUP(B17,'Sprint Backlog'!$B$10:$N$21,4,FALSE),""),IF(D17="Revisor",IFERROR(VLOOKUP(B17,'Sprint Backlog'!$B$10:$N$21,6,FALSE),""),IF(D17="Auditor",IFERROR(VLOOKUP(B17,'Sprint Backlog'!$B$10:$N$21,8,FALSE),""),"")))) | G17: =IF(B17="","",IF(D17="Executor",IFERROR(VLOOKUP(B17,'Sprint Backlog'!$B$10:$N$21,5,FALSE),""),IF(D17="Revisor",IFERROR(VLOOKUP(B17,'Sprint Backlog'!$B$10:$N$21,7,FALSE),""),IF(D17="Auditor",IFERROR(VLOOKUP(B17,'Sprint Backlog'!$B$10:$N$21,9,FALSE),""),"")))) | O17: =IF(B17="","",IF(ABS(H17+I17+J17-G17)<0.000001,"OK","REVER"))
C18: =IFERROR(VLOOKUP(B18,'Sprint Backlog'!$B$10:$N$21,2,FALSE),"") | E18: =IF(B18="","",IF(D18="Executor",IFERROR(VLOOKUP(B18,'Sprint Backlog'!$B$10:$N$21,4,FALSE),""),IF(D18="Revisor",IFERROR(VLOOKUP(B18,'Sprint Backlog'!$B$10:$N$21,6,FALSE),""),IF(D18="Auditor",IFERROR(VLOOKUP(B18,'Sprint Backlog'!$B$10:$N$21,8,FALSE),""),"")))) | G18: =IF(B18="","",IF(D18="Executor",IFERROR(VLOOKUP(B18,'Sprint Backlog'!$B$10:$N$21,5,FALSE),""),IF(D18="Revisor",IFERROR(VLOOKUP(B18,'Sprint Backlog'!$B$10:$N$21,7,FALSE),""),IF(D18="Auditor",IFERROR(VLOOKUP(B18,'Sprint Backlog'!$B$10:$N$21,9,FALSE),""),"")))) | O18: =IF(B18="","",IF(ABS(H18+I18+J18-G18)<0.000001,"OK","REVER"))
C19: =IFERROR(VLOOKUP(B19,'Sprint Backlog'!$B$10:$N$21,2,FALSE),"") | E19: =IF(B19="","",IF(D19="Executor",IFERROR(VLOOKUP(B19,'Sprint Backlog'!$B$10:$N$21,4,FALSE),""),IF(D19="Revisor",IFERROR(VLOOKUP(B19,'Sprint Backlog'!$B$10:$N$21,6,FALSE),""),IF(D19="Auditor",IFERROR(VLOOKUP(B19,'Sprint Backlog'!$B$10:$N$21,8,FALSE),""),"")))) | G19: =IF(B19="","",IF(D19="Executor",IFERROR(VLOOKUP(B19,'Sprint Backlog'!$B$10:$N$21,5,FALSE),""),IF(D19="Revisor",IFERROR(VLOOKUP(B19,'Sprint Backlog'!$B$10:$N$21,7,FALSE),""),IF(D19="Auditor",IFERROR(VLOOKUP(B19,'Sprint Backlog'!$B$10:$N$21,9,FALSE),""),"")))) | O19: =IF(B19="","",IF(ABS(H19+I19+J19-G19)<0.000001,"OK","REVER"))
C20: =IFERROR(VLOOKUP(B20,'Sprint Backlog'!$B$10:$N$21,2,FALSE),"") | E20: =IF(B20="","",IF(D20="Executor",IFERROR(VLOOKUP(B20,'Sprint Backlog'!$B$10:$N$21,4,FALSE),""),IF(D20="Revisor",IFERROR(VLOOKUP(B20,'Sprint Backlog'!$B$10:$N$21,6,FALSE),""),IF(D20="Auditor",IFERROR(VLOOKUP(B20,'Sprint Backlog'!$B$10:$N$21,8,FALSE),""),"")))) | G20: =IF(B20="","",IF(D20="Executor",IFERROR(VLOOKUP(B20,'Sprint Backlog'!$B$10:$N$21,5,FALSE),""),IF(D20="Revisor",IFERROR(VLOOKUP(B20,'Sprint Backlog'!$B$10:$N$21,7,FALSE),""),IF(D20="Auditor",IFERROR(VLOOKUP(B20,'Sprint Backlog'!$B$10:$N$21,9,FALSE),""),"")))) | O20: =IF(B20="","",IF(ABS(H20+I20+J20-G20)<0.000001,"OK","REVER"))
C21: =IFERROR(VLOOKUP(B21,'Sprint Backlog'!$B$10:$N$21,2,FALSE),"") | E21: =IF(B21="","",IF(D21="Executor",IFERROR(VLOOKUP(B21,'Sprint Backlog'!$B$10:$N$21,4,FALSE),""),IF(D21="Revisor",IFERROR(VLOOKUP(B21,'Sprint Backlog'!$B$10:$N$21,6,FALSE),""),IF(D21="Auditor",IFERROR(VLOOKUP(B21,'Sprint Backlog'!$B$10:$N$21,8,FALSE),""),"")))) | G21: =IF(B21="","",IF(D21="Executor",IFERROR(VLOOKUP(B21,'Sprint Backlog'!$B$10:$N$21,5,FALSE),""),IF(D21="Revisor",IFERROR(VLOOKUP(B21,'Sprint Backlog'!$B$10:$N$21,7,FALSE),""),IF(D21="Auditor",IFERROR(VLOOKUP(B21,'Sprint Backlog'!$B$10:$N$21,9,FALSE),""),"")))) | O21: =IF(B21="","",IF(ABS(H21+I21+J21-G21)<0.000001,"OK","REVER"))
C22: =IFERROR(VLOOKUP(B22,'Sprint Backlog'!$B$10:$N$21,2,FALSE),"") | E22: =IF(B22="","",IF(D22="Executor",IFERROR(VLOOKUP(B22,'Sprint Backlog'!$B$10:$N$21,4,FALSE),""),IF(D22="Revisor",IFERROR(VLOOKUP(B22,'Sprint Backlog'!$B$10:$N$21,6,FALSE),""),IF(D22="Auditor",IFERROR(VLOOKUP(B22,'Sprint Backlog'!$B$10:$N$21,8,FALSE),""),"")))) | G22: =IF(B22="","",IF(D22="Executor",IFERROR(VLOOKUP(B22,'Sprint Backlog'!$B$10:$N$21,5,FALSE),""),IF(D22="Revisor",IFERROR(VLOOKUP(B22,'Sprint Backlog'!$B$10:$N$21,7,FALSE),""),IF(D22="Auditor",IFERROR(VLOOKUP(B22,'Sprint Backlog'!$B$10:$N$21,9,FALSE),""),"")))) | O22: =IF(B22="","",IF(ABS(H22+I22+J22-G22)<0.000001,"OK","REVER"))
... C59: =IFERROR(VLOOKUP(B59,'Sprint Backlog'!$B$10:$N$21,2,FALSE),"") | E59: =IF(B59="","",IF(D59="Executor",IFERROR(VLOOKUP(B59,'Sprint Backlog'!$B$10:$N$21,4,FALSE),""),IF(D59="Revisor",IFERROR(VLOOKUP(B59,'Sprint Backlog'!$B$10:$N$21,6,FALSE),""),IF(D59="Auditor",IFERROR(VLOOKUP(B59,'Sprint Backlog'!$B$10:$N$21,8,FALSE),""),"")))) | G59: =IF(B59="","",IF(D59="Executor",IFERROR(VLOOKUP(B59,'Sprint Backlog'!$B$10:$N$21,5,FALSE),""),IF(D59="Revisor",IFERROR(VLOOKUP(B59,'Sprint Backlog'!$B$10:$N$21,7,FALSE),""),IF(D59="Auditor",IFERROR(VLOOKUP(B59,'Sprint Backlog'!$B$10:$N$21,9,FALSE),""),"")))) | O59: =IF(B59="","",IF(ABS(H59+I59+J59-G59)<0.000001,"OK","REVER"))

Sheet Validação
A1: VALIDAÇÃO DO SPRINT BACKLOG
A2: Esta folha deteta incoerências básicas. A validação automática não substitui a análise do grupo nem a aprovação formal das versões em reunião. | B2: Esta folha deteta incoerências básicas. A validação automática não substitui a análise do grupo nem a aprovação formal das versões em reunião. | C2: Esta folha deteta incoerências básicas. A validação automática não substitui a análise do grupo nem a aprovação formal das versões em reunião. | D2: Esta folha deteta incoerências básicas. A validação automática não substitui a análise do grupo nem a aprovação formal das versões em reunião.
A4: Verificação | B4: Resultado | C4: Estado | D4: Interpretação
A5: Total de tarefas | B5: =COUNTA('Sprint Backlog'!B9:B21) -> 13 | C5: Informação | D5: Número de Issues incluídas no Sprint Backlog.
A6: Total de transferências | B6: =COUNTA(Transferências!A10:A59) -> 0 | C6: Informação | D6: Número de transferências formais registadas nesta versão cumulativa.
A7: Issues duplicadas | B7: {=SUMPRODUCT(--('Sprint Backlog'!B9:B21<>""),--(COUNTIF('Sprint Backlog'!B9:B21,'Sprint Backlog'!B9:B21)>1))} -> 0 | C7: =IF(B7=0,"OK","REVER") -> OK | D7: Deve ser 0. Cada Issue aparece uma única vez na folha principal.
A8: Orçamentos inválidos ou vazios | B8: =COUNTA('Sprint Backlog'!B9:B21)-COUNTIF('Sprint Backlog'!D9:D21,10)-COUNTIF('Sprint Backlog'!D9:D21,20)-COUNTIF('Sprint Backlog'!D9:D21,30)-COUNTIF('Sprint Backlog'!D9:D21,50)-COUNTIF('Sprint Backlog'!D9:D21,80)-COUNTIF('Sprint Backlog'!D9:D21,130) -> 0 | C8: =IF(B8=0,"OK","REVER") -> OK | D8: Deve ser 0. Só são admitidos os seis valores da escala oficial.
A9: Parcelas incorretas | B9: =COUNTIFS('Sprint Backlog'!D9:D21,10,'Sprint Backlog'!F9:F21,"<>6")+COUNTIFS('Sprint Backlog'!D9:D21,10,'Sprint Backlog'!H9:H21,"<>3")+COUNTIFS('Sprint Backlog'!D9:D21,10,'Sprint Backlog'!J9:J21,"<>1")+COUNTIFS('Sprint Backlog'!D9:D21,20,'Sprint Backlog'!F9:F21,"<>12")+COUNTIFS('Sprint Backlog'!D9:D21,20,'Sprint Backlog'!H9:H21,"<>6")+COUNTIFS('Sprint Backlog'!D9:D21,20,'Sprint Backlog'!J9:J21,"<>2")+COUNTIFS('Sprint Backlog'!D9:D21,30,'Sprint Backlog'!F9:F21,"<>18")+COUNTIFS('Sprint Backlog'!D9:D21,30,'Sprint Backlog'!H9:H21,"<>9")+COUNTIFS('Sprint Backlog'!D9:D21,30,'Sprint Backlog'!J9:J21,"<>3")+COUNTIFS('Sprint Backlog'!D9:D21,50,'Sprint Backlog'!F9:F21,"<>30")+COUNTIFS('Sprint Backlog'!D9:D21,50,'Sprint Backlog'!H9:H21,"<>15")+COUNTIFS('Sprint Backlog'!D9:D21,50,'Sprint Backlog'!J9:J21,"<>5")+COUNTIFS('Sprint Backlog'!D9:D21,80,'Sprint Backlog'!F9:F21,"<>48")+COUNTIFS('Sprint Backlog'!D9:D21,80,'Sprint Backlog'!H9:H21,"<>24")+COUNTIFS('Sprint Backlog'!D9:D21,80,'Sprint Backlog'!J9:J21,"<>8")+COUNTIFS('Sprint Backlog'!D9:D21,130,'Sprint Backlog'!F9:F21,"<>78")+COUNTIFS('Sprint Backlog'!D9:D21,130,'Sprint Backlog'!H9:H21,"<>39")+COUNTIFS('Sprint Backlog'!D9:D21,130,'Sprint Backlog'!J9:J21,"<>13") -> 0 | C9: =IF(B9=0,"OK","REVER") -> OK | D9: Deve ser 0. As parcelas devem respeitar 60% / 30% / 10%.
A10: Papéis atribuídos à mesma pessoa | B10: {=SUMPRODUCT(--('Sprint Backlog'!B9:B21<>""),--((('Sprint Backlog'!E9:E21='Sprint Backlog'!G9:G21)+('Sprint Backlog'!E9:E21='Sprint Backlog'!I9:I21)+('Sprint Backlog'!G9:G21='Sprint Backlog'!I9:I21))>0))} -> 0 | C10: =IF(B10=0,"OK","REVER") -> OK | D10: Deve ser 0. Executor, Revisor e Auditor têm de ser alunos diferentes em cada tarefa.
A11: Responsáveis em falta | B11: {=SUMPRODUCT(--('Sprint Backlog'!B9:B21<>""),--('Sprint Backlog'!E9:E21=""))+SUMPRODUCT(--('Sprint Backlog'!B9:B21<>""),--('Sprint Backlog'!G9:G21=""))+SUMPRODUCT(--('Sprint Backlog'!B9:B21<>""),--('Sprint Backlog'!I9:I21=""))} -> 0 | C11: =IF(B11=0,"OK","REVER") -> OK | D11: Deve ser 0. O valor conta campos de responsabilidade vazios.
A12: Prazos do Executor em falta | B12: {=SUMPRODUCT(--('Sprint Backlog'!B9:B21<>""),--('Sprint Backlog'!K9:K21=""))} -> 0 | C12: =IF(B12=0,"OK","REVER") -> OK | D12: Deve ser 0. Cada tarefa precisa de um prazo máximo do Executor.
A13: Estados inválidos ou vazios | B13: =COUNTA('Sprint Backlog'!B9:B21)-COUNTIF('Sprint Backlog'!L9:L21,"Pendente")-COUNTIF('Sprint Backlog'!L9:L21,"Em Execução")-COUNTIF('Sprint Backlog'!L9:L21,"Em Revisão")-COUNTIF('Sprint Backlog'!L9:L21,"Em Auditoria de Qualidade")-COUNTIF('Sprint Backlog'!L9:L21,"Pronta para Sprint Review")-COUNTIF('Sprint Backlog'!L9:L21,"Done") -> 0 | C13: =IF(B13=0,"OK","REVER") -> OK | D13: Deve ser 0. Ready, Bloqueada e Cancelada não são estados.
A14: Transferências sem Issue no Sprint | B14: {=SUMPRODUCT(--(Transferências!B10:B59<>""),--(COUNTIF('Sprint Backlog'!B9:B21,Transferências!B10:B59)=0))} -> 0 | C14: =IF(B14=0,"OK","REVER") -> OK | D14: Deve ser 0. Uma transferência só pode referir uma Issue deste Sprint Backlog.
A15: Identificadores de transferência duplicados | B15: {=SUMPRODUCT(--(Transferências!A10:A59<>""),--(COUNTIF(Transferências!A10:A59,Transferências!A10:A59)>1))} -> 0 | C15: =IF(B15=0,"OK","REVER") -> OK | D15: Deve ser 0. Cada transferência tem um identificador único.
A16: Transferências que não conservam os pontos da parcela. | B16: =COUNTIF(Transferências!O10:O59,"REVER") -> 0 | C16: =IF(B16=0,"OK","REVER") -> OK | D16: Deve ser 0. A soma das três partes deve coincidir com o máximo original do papel.
A17: Transferências sem independência confirmada | B17: =COUNTIFS(Transferências!A10:A59,"<>",Transferências!P10:P59,"<>Sim") -> 0 | C17: =IF(B17=0,"OK","REVER") -> OK | D17: Deve ser 0. A nova distribuição não pode acumular papéis incompatíveis na mesma tarefa.
A18: Responsável inicial igual ao novo responsável | B18: {=SUMPRODUCT(--(Transferências!A10:A59<>""),--(Transferências!E10:E59=Transferências!F10:F59))} -> 0 | C18: =IF(B18=0,"OK","REVER") -> OK | D18: Deve ser 0. Uma transferência exige mudança efetiva de responsável.
A19: Campos essenciais vazios nas transferências | B19: {=SUMPRODUCT(--(Transferências!A10:A59<>""),--(Transferências!B10:B59=""))+SUMPRODUCT(--(Transferências!A10:A59<>""),--(Transferências!D10:D59=""))+SUMPRODUCT(--(Transferências!A10:A59<>""),--(Transferências!F10:F59=""))+SUMPRODUCT(--(Transferências!A10:A59<>""),--(Transferências!N10:N59=""))} -> 0 | C19: =IF(B19=0,"OK","REVER") -> OK | D19: Deve ser 0. O valor conta Issue, papel, novo responsável ou fundamento em falta.

Sheet Instruções
A1: INSTRUÇÕES DE UTILIZAÇÃO
A3: Passo | B3: Ação | C3: Regra | D3: Resultado esperado
A4: 1 | B4: Copiar e renomear | C4: Mantenha o template original em 01.01-templates. Crie uma cópia na pasta funcional e utilize a nomenclatura <milestone-real>-s<sprint>-sprint-backlog-v<versao>, com a extensão correspondente ao formato editável efetivamente utilizado, XLS ou XLSX. A primeira versão operacional do Sprint é v01, independentemente da versão do ficheiro-template. O formato XLSM não é permitido e não devem ser utilizadas macros. Quando existam versões XLS e XLSX do mesmo conteúdo, estas devem manter-se coerentes. | D4: Cópia operacional corretamente identificada.
A5: 2 | B5: Identificar a origem | C5: Indique o Sprint e o caminho completo do PDF do Backlog de Projeto que foi aprovado, congelado e assinado no Backlog Refinement. O PDF de origem deve ser o mesmo que a ata do Sprint Planning vai identificar. | D5: Ligação inequívoca ao detalhe integral das tarefas.
A6: 3 | B6: Selecionar as tarefas | C6: Transcreva apenas as tarefas aprovadas como Ready e que vão entrar neste sprint. Copie do Backlog de Projeto de origem a Issue, a designação da tarefa e o Orçamento da tarefa. Não altere no Sprint Planning o orçamento nem os elementos anteriormente aprovados. | D6: Sprint Backlog composto exclusivamente por tarefas Ready.
A7: 4 | B7: Atribuir os papéis | C7: Atribua alunos diferentes aos papéis Executor, Revisor e Auditor em cada tarefa. As parcelas de 60%, 30% e 10% são calculadas automaticamente e representam as parcelas máximas iniciais. | D7: Responsabilidades independentes e orçamento corretamente repartido.
A8: 5 | B8: Definir os prazos | C8: Registe o prazo máximo concreto do Executor no formato aaaa-MM-dd HH:mm. O prazo deve permitir o cumprimento da sequência de revisão, auditoria, aceitação e confirmação final prevista no Regulamento da UC. | D8: Prazo verificável e compatível com o fluxo da tarefa.
A9: 6 | B9: Validar e aprovar | C9: Consulte a folha Validação e corrija todos os resultados REVER. A versão v01 é aprovada no Sprint Planning, integralmente exportada para PDF e assinada nos termos do Regulamento. As versões posteriores são aprovadas na reunião formal que autoriza a respetiva alteração e originam um novo PDF assinado. | D9: Planeamento original congelado e rastreável.
A10: 7 | B10: Atualizar durante o Sprint | C10: Atualize o estado e o histórico sem apagar registos anteriores. Não utilize Ready como estado, porque a condição Ready já foi confirmada antes de a tarefa entrar no Sprint Backlog. Não utilize Cancelada, porque uma tarefa integrada no Sprint Backlog não pode ser cancelada nem removida. Bloqueada é uma indicação temporária, não um estado; mantenha o estado atual e registe no histórico a data, o motivo, a dependência, o responsável pela resolução e o impacto. | D10: Acompanhamento atual e histórico preservado.
A11: 8 | B11: Registar uma transferência | C11: Uma transferência exige reunião formal. Crie uma nova versão do ficheiro editável, em formato XLS ou XLSX, a partir da última versão, acrescente o registo na folha Transferências e não altere a atribuição original da folha Sprint Backlog. | D11: Nova distribuição documentada sem apagar o planeamento.
A12: 9 | B12: Congelar uma versão posterior | C12: Cada nova versão corresponde a uma única reunião formal. Exporte para PDF as folhas Sprint Backlog e Transferências, associe o novo PDF assinado à ata da reunião e conserve todas as versões anteriores do ficheiro editável e dos respetivos PDF assinados. A ata deve identificar o ficheiro editável efetivamente utilizado, em formato XLS ou XLSX, e o PDF correspondente. Em caso de divergência relativamente ao conteúdo ratificado, prevalece o PDF assinado. | D12: Transferência formalmente ratificada e reconstruível.
A13: 10 | B13: Preparar a avaliação | C13: No Mapa de Pontuação Individual, obtenha a PMI da folha Sprint Backlog e os PC e PR da folha Transferências. A qualidade e o atraso são aplicados apenas depois de calculada a PMR e já no Mapa de Pontuação Individual. | D13: Pontuação individual baseada no planeamento e nas transferências formais.
A15: REGRAS ESSENCIAIS | B15: REGRAS ESSENCIAIS | C15: REGRAS ESSENCIAIS | D15: REGRAS ESSENCIAIS
A16: Fonte do detalhe | B16: O Sprint Backlog é deliberadamente compacto. A descrição, o objetivo, o resultado esperado, os critérios de aceitação, as evidências, as verificações, a checklist do Auditor, as dependências, a DoD, as referências e a pasta de destino permanecem no PDF assinado do Backlog de Projeto de origem.
A17: PDF de origem | B17: O Backlog de Projeto de origem foi congelado e assinado no Backlog Refinement. Não é novamente exportado nem novamente assinado no Sprint Planning. A ata do Sprint Planning identifica e aceita essa versão anteriormente ratificada.
A18: Atribuição inicial | B18: As colunas dos responsáveis e dos pontos iniciais demonstram o planeamento aprovado no Sprint Planning. Não devem ser substituídas pelos responsáveis resultantes de uma transferência posterior.
A19: Transferência formal | B19: Quando a coluna Transferência formal indicar «Sim — consultar Transferências», a linha da folha principal não pode ser interpretada isoladamente. A distribuição atual encontra-se na folha Transferências.
A20: Carga planeada | B20: A Carga das Tarefas Planeadas utiliza sempre as atribuições iniciais. Uma transferência não corrige nem reequilibra retroativamente o planeamento aprovado no Sprint Planning.
A21: Mapa de pontuação | B21: Esta regra aplica-se ao preenchimento posterior do Mapa de Pontuação Individual; o Sprint Backlog não calcula PMI, PC, PR nem PMR. Nesse mapa, a PMI provém da atribuição inicial registada na folha Sprint Backlog, e os PC e PR provêm da folha Transferências. Exemplo: PMI 30, PC 6 e PR 0 produzem PMR 24; para o novo responsável, PMI 0, PC 0 e PR 6 produzem PMR 6.
A22: Imutabilidade | B22: Depois de uma tarefa entrar no Sprint Backlog, não pode ser cancelada, removida do orçamento nem receber um novo orçamento. Se continuar incompleta, permanece aberta sem recuperar pontos perdidos e sem permitir nova pontuação para trabalho já aceite.
A23: Versões | B23: A v01 congela o planeamento inicial. A v02 e seguintes são cumulativas e acrescentam apenas alterações formalmente autorizadas. Nunca substitua, elimine ou reutilize uma versão anterior.
A24: Exportação para PDF | B24: Na v01, exporte a folha Sprint Backlog. Numa versão com transferências, exporte as folhas Sprint Backlog e Transferências. Não inclua no PDF as folhas Validação, Instruções ou Listas de apoio.
A25: Formato editável | B25: O ficheiro editável pode ser mantido em formato XLS ou XLSX. O formato XLSM não é permitido e não devem ser utilizadas macros. Quando existam versões XLS e XLSX do mesmo conteúdo, estas devem manter-se coerentes. Confirme as fórmulas, validações e formatação depois de qualquer conversão.
A27: EXEMPLO DA TRANSFERÊNCIA E DO MAPA DE PONTUAÇÃO INDIVIDUAL | B27: EXEMPLO DA TRANSFERÊNCIA E DO MAPA DE PONTUAÇÃO INDIVIDUAL | C27: EXEMPLO DA TRANSFERÊNCIA E DO MAPA DE PONTUAÇÃO INDIVIDUAL | D27: EXEMPLO DA TRANSFERÊNCIA E DO MAPA DE PONTUAÇÃO INDIVIDUAL
A28: Issue e aluno | B28: PMI | C28: PC / PR | D28: PMR
A29: I021 — Aluno A — Executor inicial | B29: 30 | C29: PC = 6; PR = 0 | D29: 24
A30: I021 — Aluno D — Coexecutor | B30: 0 | C30: PC = 0; PR = 6 | D30: 6
A31: I021 — Aluno B — Revisor | B31: 15 | C31: PC = 0; PR = 0 | D31: 15
A32: I021 — Aluno C — Auditor | B32: 5 | C32: PC = 0; PR = 0 | D32: 5
A34: No exemplo, os 6 pontos recebidos pelo Aluno D não entram retroativamente na Carga das Tarefas Planeadas. Apenas alteram a Parcela Máxima Resultante utilizada no cálculo da pontuação individual. | B34: No exemplo, os 6 pontos recebidos pelo Aluno D não entram retroativamente na Carga das Tarefas Planeadas. Apenas alteram a Parcela Máxima Resultante utilizada no cálculo da pontuação individual. | C34: No exemplo, os 6 pontos recebidos pelo Aluno D não entram retroativamente na Carga das Tarefas Planeadas. Apenas alteram a Parcela Máxima Resultante utilizada no cálculo da pontuação individual. | D34: No exemplo, os 6 pontos recebidos pelo Aluno D não entram retroativamente na Carga das Tarefas Planeadas. Apenas alteram a Parcela Máxima Resultante utilizada no cálculo da pontuação individual.
A35: No exemplo, os 6 pontos recebidos pelo Aluno D não entram retroativamente na Carga das Tarefas Planeadas. Apenas alteram a Parcela Máxima Resultante utilizada no cálculo da pontuação individual. | B35: No exemplo, os 6 pontos recebidos pelo Aluno D não entram retroativamente na Carga das Tarefas Planeadas. Apenas alteram a Parcela Máxima Resultante utilizada no cálculo da pontuação individual. | C35: No exemplo, os 6 pontos recebidos pelo Aluno D não entram retroativamente na Carga das Tarefas Planeadas. Apenas alteram a Parcela Máxima Resultante utilizada no cálculo da pontuação individual. | D35: No exemplo, os 6 pontos recebidos pelo Aluno D não entram retroativamente na Carga das Tarefas Planeadas. Apenas alteram a Parcela Máxima Resultante utilizada no cálculo da pontuação individual.

Sheet Listas de apoio
A1: LISTAS DE APOIO
A2: As células amarelas da lista de alunos devem ser substituídas pelos dados reais do grupo. As listas normativas a cinzento suportam as listas suspensas e não devem ser alteradas na cópia operacional. | B2: As células amarelas da lista de alunos devem ser substituídas pelos dados reais do grupo. As listas normativas a cinzento suportam as listas pendentes e não devem ser alteradas na cópia operacional. | C2: As células amarelas da lista de alunos devem ser substituídas pelos dados reais do grupo. As listas normativas a cinzento suportam as listas pendentes e não devem ser alteradas na cópia operacional. | D2: As células amarelas da lista de alunos devem ser substituídas pelos dados reais do grupo. As listas normativas a cinzento suportam as listas pendentes e não devem ser alteradas na cópia operacional. | E2: As células amarelas da lista de alunos devem ser substituídas pelos dados reais do grupo. As listas normativas a cinzento suportam as listas pendentes e não devem ser alteradas na cópia operacional. | F2: As células amarelas da lista de alunos devem ser substituídas pelos dados reais do grupo. As listas normativas a cinzento suportam as listas pendentes e não devem ser alteradas na cópia operacional. | G2: As células amarelas da lista de alunos devem ser substituídas pelos dados reais do grupo. As listas normativas a cinzento suportam as listas pendentes e não devem ser alteradas na cópia operacional. | H2: As células amarelas da lista de alunos devem ser substituídas pelos dados reais do grupo. As listas normativas a cinzento suportam as listas pendentes e não devem ser alteradas na cópia operacional. | I2: As células amarelas da lista de alunos devem ser substituídas pelos dados reais do grupo. As listas normativas a cinzento suportam as listas pendentes e não devem ser alteradas na cópia operacional. | J2: As células amarelas da lista de alunos devem ser substituídas pelos dados reais do grupo. As listas normativas a cinzento suportam as listas pendentes e não devem ser alteradas na cópia operacional. | K2: As células amarelas da lista de alunos devem ser substituídas pelos dados reais do grupo. As listas normativas a cinzento suportam as listas pendentes e não devem ser alteradas na cópia operacional.
A4: Orçamento | C4: Estado | E4: Papel | G4: Confirmação | I4: Aluno | J4: Número | K4: E-mail
A5: 10 | C5: Pendente | E5: Executor | G5: Sim | I5: André Filipe Moreira Mesquita | J5: 8220764 | K5: 8220764@estg.ipp.pt
A6: 20 | C6: Em Execução | E6: Revisor | G6: Não | I6: Gonçalo Dinis Magalhães Teixeira | J6: 8240293 | K6: 8240293@estg.ipp.pt
A7: 30 | C7: Em Revisão | E7: Auditor | I7: Gonçalo Magalhães Ribeiro | J7: 8250466 | K7: 8250466@estg.ipp.pt
A8: 50 | C8: Em Auditoria de Qualidade | I8: Ivan Cristiano Silva Mendes | J8: 8220390 | K8: 8220390@estg.ipp.pt
A9: 80 | C9: Pronta para Sprint Review
A10: 130 | C10: Done
A12: NOTAS SOBRE AS LISTAS | B12: NOTAS SOBRE AS LISTAS | C12: NOTAS SOBRE AS LISTAS | D12: NOTAS SOBRE AS LISTAS | E12: NOTAS SOBRE AS LISTAS | F12: NOTAS SOBRE AS LISTAS | G12: NOTAS SOBRE AS LISTAS | H12: NOTAS SOBRE AS LISTAS | I12: NOTAS SOBRE AS LISTAS | J12: NOTAS SOBRE AS LISTAS | K12: NOTAS SOBRE AS LISTAS
A13: Alunos do grupo | C13: Substitua os quatro exemplos pelos dados reais do grupo. Se o docente autorizar uma quantidade diferente de alunos, ajuste a lista e o intervalo nomeado AlunosGrupo em conformidade.
A14: Estados | C14: Ready, Bloqueada e Cancelada não são estados permitidos. Um bloqueio é registado em Histórico e observações do Sprint.
A15: Orçamentos | C15: Uma tarefa só entra no Sprint Backlog depois de aprovada como Ready. Por isso, apenas são aceites os seis valores numéricos da escala oficial.
