Workbook
Name AlunosGrupo: 'Listas de apoio'!$I$5:$I$8
Name Confirmacoes: 'Listas de apoio'!$G$5:$G$6
Name EstadosSprint: 'Listas de apoio'!$C$5:$C$10
Name OrcamentosSprint: 'Listas de apoio'!$A$5:$A$10
Name PapeisSprint: 'Listas de apoio'!$E$5:$E$7

Sheet Sprint Backlog
A1: SPRINT BACKLOG
A2: SPRINT 05 — planeamento aprovado no Sprint Planning de 2026-10-28. Consulte a folha «Instruções» para regras de manutenção.
A3: Campos editáveis — substituir os exemplos | E3: Campos calculados — não alterar | I3: Erros e incoerências — rever
A5: IDENTIFICAÇÃO
A6: Sprint | C6: Sprint 05 | E6: Backlog de Projeto de origem — PDF assinado no Backlog Refinement | I6: /projeto/01-artefactos-de-gestao/01.04-backlog-de-projeto/m3-backlog-projeto-v03.pdf
A8: PLANEAMENTO ORIGINAL | E8: PAPÉIS E PRAZO | L8: ACOMPANHAMENTO DO SPRINT
A9: Ordem no Sprint | B9: Issue | C9: Tarefa | D9: Orçamento da tarefa | E9: Executor inicialmente atribuído | F9: Pontos iniciais do Executor | G9: Revisor inicialmente atribuído | H9: Pontos iniciais do Revisor | I9: Auditor inicialmente atribuído | J9: Pontos iniciais do Auditor | K9: Prazo máximo do Executor | L9: Estado atual | M9: Transferência formal | N9: Histórico e observações do Sprint
A10: 1 | B10: I073 | C10: Implementar o agendamento de Consultas sem sobreposição (RF021) | D10: 50 | E10: André Filipe Moreira Mesquita | F10: =IF(ISNUMBER(D10),D10*60%,"") -> 30 | G10: Gonçalo Magalhães Ribeiro | H10: =IF(ISNUMBER(D10),D10*30%,"") -> 15 | I10: Ivan Cristiano Silva Mendes | J10: =IF(ISNUMBER(D10),D10*10%,"") -> 5 | K10: 46327.729 | L10: Pronta para Sprint Review | M10: =IF(B10="","",IF(COUNTIF(Transferências!$B$10:$B$59,B10)>0,"Sim — consultar Transferências","Não aplicável")) -> Não aplicável | N10: 2026-10-28 15:30 — tarefa transitada do Sprint 04, sem novo orçamento; mantêm-se o orçamento e as atribuições iniciais. Resultado integrado em develop; tarefa em Pronta para Sprint Review.
A11: 2 | B11: I092 | C11: Implementar testes de integração de identidade, clínica, Clientes e pacientes | D11: 50 | E11: Gonçalo Dinis Magalhães Teixeira | F11: =IF(ISNUMBER(D11),D11*60%,"") -> 30 | G11: Ivan Cristiano Silva Mendes | H11: =IF(ISNUMBER(D11),D11*30%,"") -> 15 | I11: André Filipe Moreira Mesquita | J11: =IF(ISNUMBER(D11),D11*10%,"") -> 5 | K11: 46327.729 | L11: Pendente | M11: =IF(B11="","",IF(COUNTIF(Transferências!$B$10:$B$59,B11)>0,"Sim — consultar Transferências","Não aplicável")) -> Não aplicável | N11: 2026-10-28 15:30 — tarefa incorporada no Sprint Backlog do Sprint 05 com as atribuições aprovadas no Sprint Planning.
A12: 3 | B12: I093 | C12: Implementar testes de integração de agenda e área do Cliente | D12: 50 | E12: Gonçalo Magalhães Ribeiro | F12: =IF(ISNUMBER(D12),D12*60%,"") -> 30 | G12: André Filipe Moreira Mesquita | H12: =IF(ISNUMBER(D12),D12*30%,"") -> 15 | I12: Ivan Cristiano Silva Mendes | J12: =IF(ISNUMBER(D12),D12*10%,"") -> 5 | K12: 46327.729 | L12: Pendente | M12: =IF(B12="","",IF(COUNTIF(Transferências!$B$10:$B$59,B12)>0,"Sim — consultar Transferências","Não aplicável")) -> Não aplicável | N12: 2026-10-28 15:30 — tarefa incorporada no Sprint Backlog do Sprint 05 com as atribuições aprovadas no Sprint Planning.
A13: 4 | B13: I102 | C13: Criar a pipeline de compilação e testes do backend | D13: 50 | E13: Gonçalo Magalhães Ribeiro | F13: =IF(ISNUMBER(D13),D13*60%,"") -> 30 | G13: André Filipe Moreira Mesquita | H13: =IF(ISNUMBER(D13),D13*30%,"") -> 15 | I13: Ivan Cristiano Silva Mendes | J13: =IF(ISNUMBER(D13),D13*10%,"") -> 5 | K13: 46327.729 | L13: Pronta para Sprint Review | M13: =IF(B13="","",IF(COUNTIF(Transferências!$B$10:$B$59,B13)>0,"Sim — consultar Transferências","Não aplicável")) -> Não aplicável | N13: 2026-10-28 15:30 — tarefa transitada do Sprint 04, sem novo orçamento; mantêm-se o orçamento e as atribuições iniciais. Resultado integrado em develop; tarefa em Pronta para Sprint Review.
A14: 5 | B14: I103 | C14: Integrar análise estática, cobertura e quality gates na pipeline | D14: 50 | E14: André Filipe Moreira Mesquita | F14: =IF(ISNUMBER(D14),D14*60%,"") -> 30 | G14: Ivan Cristiano Silva Mendes | H14: =IF(ISNUMBER(D14),D14*30%,"") -> 15 | I14: Gonçalo Dinis Magalhães Teixeira | J14: =IF(ISNUMBER(D14),D14*10%,"") -> 5 | K14: 46327.729 | L14: Pendente | M14: =IF(B14="","",IF(COUNTIF(Transferências!$B$10:$B$59,B14)>0,"Sim — consultar Transferências","Não aplicável")) -> Não aplicável | N14: 2026-10-28 15:30 — tarefa incorporada no Sprint Backlog do Sprint 05 com as atribuições aprovadas no Sprint Planning.
A15: 6 | B15: I104 | C15: Disponibilizar o backend em ambiente público de avaliação com entrega contínua | D15: 50 | E15: Ivan Cristiano Silva Mendes | F15: =IF(ISNUMBER(D15),D15*60%,"") -> 30 | G15: Gonçalo Magalhães Ribeiro | H15: =IF(ISNUMBER(D15),D15*30%,"") -> 15 | I15: Gonçalo Dinis Magalhães Teixeira | J15: =IF(ISNUMBER(D15),D15*10%,"") -> 5 | K15: 46327.729 | L15: Pendente | M15: =IF(B15="","",IF(COUNTIF(Transferências!$B$10:$B$59,B15)>0,"Sim — consultar Transferências","Não aplicável")) -> Não aplicável | N15: 2026-10-28 15:30 — tarefa incorporada no Sprint Backlog do Sprint 05 com as atribuições aprovadas no Sprint Planning.
A16: 7 | B16: I024 | C16: Atualizar RTM para implementação backend | D16: 30 | E16: Gonçalo Dinis Magalhães Teixeira | F16: =IF(ISNUMBER(D16),D16*60%,"") -> 18 | G16: Gonçalo Magalhães Ribeiro | H16: =IF(ISNUMBER(D16),D16*30%,"") -> 9 | I16: André Filipe Moreira Mesquita | J16: =IF(ISNUMBER(D16),D16*10%,"") -> 3 | K16: 46327.729 | L16: Pendente | M16: =IF(B16="","",IF(COUNTIF(Transferências!$B$10:$B$59,B16)>0,"Sim — consultar Transferências","Não aplicável")) -> Não aplicável | N16: 2026-10-28 15:30 — tarefa incorporada no Sprint Backlog do Sprint 05 com as atribuições aprovadas no Sprint Planning.
A17: 8 | B17: I032 | C17: Produzir o Relatório de Cobertura do Backend | D17: 30 | E17: André Filipe Moreira Mesquita | F17: =IF(ISNUMBER(D17),D17*60%,"") -> 18 | G17: Gonçalo Magalhães Ribeiro | H17: =IF(ISNUMBER(D17),D17*30%,"") -> 9 | I17: Gonçalo Dinis Magalhães Teixeira | J17: =IF(ISNUMBER(D17),D17*10%,"") -> 3 | K17: 46327.729 | L17: Pendente | M17: =IF(B17="","",IF(COUNTIF(Transferências!$B$10:$B$59,B17)>0,"Sim — consultar Transferências","Não aplicável")) -> Não aplicável | N17: 2026-10-28 15:30 — tarefa incorporada no Sprint Backlog do Sprint 05 com as atribuições aprovadas no Sprint Planning.
A18: 9 | B18: I034 | C18: Executar a análise estática do backend e produzir o relatório | D18: 50 | E18: Gonçalo Dinis Magalhães Teixeira | F18: =IF(ISNUMBER(D18),D18*60%,"") -> 30 | G18: Ivan Cristiano Silva Mendes | H18: =IF(ISNUMBER(D18),D18*30%,"") -> 15 | I18: Gonçalo Magalhães Ribeiro | J18: =IF(ISNUMBER(D18),D18*10%,"") -> 5 | K18: 46327.729 | L18: Pendente | M18: =IF(B18="","",IF(COUNTIF(Transferências!$B$10:$B$59,B18)>0,"Sim — consultar Transferências","Não aplicável")) -> Não aplicável | N18: 2026-10-28 15:30 — tarefa incorporada no Sprint Backlog do Sprint 05 com as atribuições aprovadas no Sprint Planning.
A19: 10 | B19: I036 | C19: Documentar a pipeline CI/CD do backend | D19: 30 | E19: André Filipe Moreira Mesquita | F19: =IF(ISNUMBER(D19),D19*60%,"") -> 18 | G19: Ivan Cristiano Silva Mendes | H19: =IF(ISNUMBER(D19),D19*30%,"") -> 9 | I19: Gonçalo Dinis Magalhães Teixeira | J19: =IF(ISNUMBER(D19),D19*10%,"") -> 3 | K19: 46327.729 | L19: Pendente | M19: =IF(B19="","",IF(COUNTIF(Transferências!$B$10:$B$59,B19)>0,"Sim — consultar Transferências","Não aplicável")) -> Não aplicável | N19: 2026-10-28 15:30 — tarefa incorporada no Sprint Backlog do Sprint 05 com as atribuições aprovadas no Sprint Planning.
A20: 11 | B20: I037 | C20: Produzir o relatório de evidências da pipeline CI/CD do backend | D20: 30 | E20: Gonçalo Magalhães Ribeiro | F20: =IF(ISNUMBER(D20),D20*60%,"") -> 18 | G20: Ivan Cristiano Silva Mendes | H20: =IF(ISNUMBER(D20),D20*30%,"") -> 9 | I20: Gonçalo Dinis Magalhães Teixeira | J20: =IF(ISNUMBER(D20),D20*10%,"") -> 3 | K20: 46327.729 | L20: Pendente | M20: =IF(B20="","",IF(COUNTIF(Transferências!$B$10:$B$59,B20)>0,"Sim — consultar Transferências","Não aplicável")) -> Não aplicável | N20: 2026-10-28 15:30 — tarefa incorporada no Sprint Backlog do Sprint 05 com as atribuições aprovadas no Sprint Planning.
A21: 12 | B21: I038 | C21: Elaborar o Manual de Instalação e Configuração do backend | D21: 30 | E21: André Filipe Moreira Mesquita | F21: =IF(ISNUMBER(D21),D21*60%,"") -> 18 | G21: Gonçalo Magalhães Ribeiro | H21: =IF(ISNUMBER(D21),D21*30%,"") -> 9 | I21: Ivan Cristiano Silva Mendes | J21: =IF(ISNUMBER(D21),D21*10%,"") -> 3 | K21: 46327.729 | L21: Pendente | M21: =IF(B21="","",IF(COUNTIF(Transferências!$B$10:$B$59,B21)>0,"Sim — consultar Transferências","Não aplicável")) -> Não aplicável | N21: 2026-10-28 15:30 — tarefa incorporada no Sprint Backlog do Sprint 05 com as atribuições aprovadas no Sprint Planning.
... A44: 35 | B44: I148 | C44: Atualizar a Grelha de Rotação de Papéis (M3) | D44: 10 | E44: André Filipe Moreira Mesquita | F44: =IF(ISNUMBER(D44),D44*60%,"") -> 6 | G44: Gonçalo Dinis Magalhães Teixeira | H44: =IF(ISNUMBER(D44),D44*30%,"") -> 3 | I44: Gonçalo Magalhães Ribeiro | J44: =IF(ISNUMBER(D44),D44*10%,"") -> 1 | K44: 46327.729 | L44: Pendente | M44: =IF(B44="","",IF(COUNTIF(Transferências!$B$10:$B$59,B44)>0,"Sim — consultar Transferências","Não aplicável")) -> Não aplicável | N44: 2026-10-28 15:30 — tarefa incorporada no Sprint Backlog do Sprint 05 com as atribuições aprovadas no Sprint Planning.
F45: =IF(ISNUMBER(D45),D45*60%,"") | H45: =IF(ISNUMBER(D45),D45*30%,"") | J45: =IF(ISNUMBER(D45),D45*10%,"")
F46: =IF(ISNUMBER(D46),D46*60%,"") | H46: =IF(ISNUMBER(D46),D46*30%,"") | J46: =IF(ISNUMBER(D46),D46*10%,"")
F47: =IF(ISNUMBER(D47),D47*60%,"") | H47: =IF(ISNUMBER(D47),D47*30%,"") | J47: =IF(ISNUMBER(D47),D47*10%,"")
F48: =IF(ISNUMBER(D48),D48*60%,"") | H48: =IF(ISNUMBER(D48),D48*30%,"") | J48: =IF(ISNUMBER(D48),D48*10%,"")
F49: =IF(ISNUMBER(D49),D49*60%,"") | H49: =IF(ISNUMBER(D49),D49*30%,"") | J49: =IF(ISNUMBER(D49),D49*10%,"")
F50: =IF(ISNUMBER(D50),D50*60%,"") | H50: =IF(ISNUMBER(D50),D50*30%,"") | J50: =IF(ISNUMBER(D50),D50*10%,"")
F51: =IF(ISNUMBER(D51),D51*60%,"") | H51: =IF(ISNUMBER(D51),D51*30%,"") | J51: =IF(ISNUMBER(D51),D51*10%,"")
F52: =IF(ISNUMBER(D52),D52*60%,"") | H52: =IF(ISNUMBER(D52),D52*30%,"") | J52: =IF(ISNUMBER(D52),D52*10%,"")
F53: =IF(ISNUMBER(D53),D53*60%,"") | H53: =IF(ISNUMBER(D53),D53*30%,"") | J53: =IF(ISNUMBER(D53),D53*10%,"")
F54: =IF(ISNUMBER(D54),D54*60%,"") | H54: =IF(ISNUMBER(D54),D54*30%,"") | J54: =IF(ISNUMBER(D54),D54*10%,"")
F55: =IF(ISNUMBER(D55),D55*60%,"") | H55: =IF(ISNUMBER(D55),D55*30%,"") | J55: =IF(ISNUMBER(D55),D55*10%,"")
F56: =IF(ISNUMBER(D56),D56*60%,"") | H56: =IF(ISNUMBER(D56),D56*30%,"") | J56: =IF(ISNUMBER(D56),D56*10%,"")
... F109: =IF(ISNUMBER(D109),D109*60%,"") | H109: =IF(ISNUMBER(D109),D109*30%,"") | J109: =IF(ISNUMBER(D109),D109*10%,"")

Sheet Transferências
A1: TRANSFERÊNCIAS FORMAIS
A2: EXEMPLO CUMULATIVO — esta folha é preenchida apenas depois de uma transferência formalmente aprovada. Preserve os registos anteriores e acrescente as novas transferências; nunca altere o planeamento original da folha «Sprint Backlog».
A3: Campos editáveis — substituir os exemplos | F3: Campos calculados — não alterar | K3: Erros e incoerências — rever
A5: Cada versão é cumulativa e resulta de uma única reunião formal. A ata identifica o ficheiro editável efetivamente utilizado, em formato XLS ou XLSX, e o respetivo PDF congelado, pelo que não se repetem aqui a data, a ata nem a versão do ficheiro. A coluna «Verificação da conservação dos pontos» deve apresentar OK e a independência dos papéis deve ser confirmada antes da exportação para PDF. Nas três colunas de distribuição atual, identifique todos os alunos que conservam ou recebem pontos em cada papel e indique os respetivos pontos.
A8: IDENTIFICAÇÃO DA TRANSFERÊNCIA | H8: DISTRIBUIÇÃO DA PARCELA | K8: RESPONSABILIDADES, FUNDAMENTO E CONTROLO
A9: Transferência | B9: Issue | C9: Tarefa | D9: Papel transferido | E9: Responsável inicial | F9: Novo responsável | G9: Máximo original do papel | H9: Parte reservada ao trabalho inicial | I9: Parte transferida | J9: Parte não atribuída | K9: Distribuição atual da parcela do Executor | L9: Distribuição atual da parcela do Revisor | M9: Distribuição atual da parcela do Auditor | N9: Motivo e evidência | O9: Verificação da conservação dos pontos | P9: Independência dos papéis confirmada
O10: =IF(B10="","",IF(ABS(H10+I10+J10-G10)<0.000001,"OK","REVER"))
O11: =IF(B11="","",IF(ABS(H11+I11+J11-G11)<0.000001,"OK","REVER"))
O12: =IF(B12="","",IF(ABS(H12+I12+J12-G12)<0.000001,"OK","REVER"))
O13: =IF(B13="","",IF(ABS(H13+I13+J13-G13)<0.000001,"OK","REVER"))
O14: =IF(B14="","",IF(ABS(H14+I14+J14-G14)<0.000001,"OK","REVER"))
O15: =IF(B15="","",IF(ABS(H15+I15+J15-G15)<0.000001,"OK","REVER"))
O16: =IF(B16="","",IF(ABS(H16+I16+J16-G16)<0.000001,"OK","REVER"))
O17: =IF(B17="","",IF(ABS(H17+I17+J17-G17)<0.000001,"OK","REVER"))
O18: =IF(B18="","",IF(ABS(H18+I18+J18-G18)<0.000001,"OK","REVER"))
O19: =IF(B19="","",IF(ABS(H19+I19+J19-G19)<0.000001,"OK","REVER"))
O20: =IF(B20="","",IF(ABS(H20+I20+J20-G20)<0.000001,"OK","REVER"))
O21: =IF(B21="","",IF(ABS(H21+I21+J21-G21)<0.000001,"OK","REVER"))
... O59: =IF(B59="","",IF(ABS(H59+I59+J59-G59)<0.000001,"OK","REVER"))

Sheet Validação
A1: VALIDAÇÃO DO SPRINT BACKLOG
A2: Esta folha deteta incoerências básicas. A validação automática não substitui a análise do grupo nem a aprovação formal das versões em reunião.
A4: Verificação | B4: Resultado | C4: Estado | D4: Interpretação
A5: Total de tarefas | B5: =COUNTA('Sprint Backlog'!B10:B109) -> 35 | C5: Informação | D5: Número de Issues incluídas no Sprint Backlog.
A6: Total de transferências | B6: =COUNTA(Transferências!A10:A59) -> 0 | C6: Informação | D6: Número de transferências formais registadas nesta versão cumulativa.
A7: Issues duplicadas | B7: =SUMPRODUCT(--('Sprint Backlog'!B10:B109<>""),--(COUNTIF('Sprint Backlog'!B10:B109,'Sprint Backlog'!B10:B109)>1)) -> 0 | C7: =IF(B7=0,"OK","REVER") -> OK | D7: Deve ser 0. Cada Issue aparece uma única vez na folha principal.
A8: Orçamentos inválidos ou vazios | B8: =COUNTA('Sprint Backlog'!B10:B109)-COUNTIF('Sprint Backlog'!D10:D109,10)-COUNTIF('Sprint Backlog'!D10:D109,20)-COUNTIF('Sprint Backlog'!D10:D109,30)-COUNTIF('Sprint Backlog'!D10:D109,50)-COUNTIF('Sprint Backlog'!D10:D109,80)-COUNTIF('Sprint Backlog'!D10:D109,130) -> 0 | C8: =IF(B8=0,"OK","REVER") -> OK | D8: Deve ser 0. Só são admitidos os seis valores da escala oficial.
A9: Parcelas incorretas | B9: =COUNTIFS('Sprint Backlog'!D10:D109,10,'Sprint Backlog'!F10:F109,"<>6")+COUNTIFS('Sprint Backlog'!D10:D109,10,'Sprint Backlog'!H10:H109,"<>3")+COUNTIFS('Sprint Backlog'!D10:D109,10,'Sprint Backlog'!J10:J109,"<>1")+COUNTIFS('Sprint Backlog'!D10:D109,20,'Sprint Backlog'!F10:F109,"<>12")+COUNTIFS('Sprint Backlog'!D10:D109,20,'Sprint Backlog'!H10:H109,"<>6")+COUNTIFS('Sprint Backlog'!D10:D109,20,'Sprint Backlog'!J10:J109,"<>2")+COUNTIFS('Sprint Backlog'!D10:D109,30,'Sprint Backlog'!F10:F109,"<>18")+COUNTIFS('Sprint Backlog'!D10:D109,30,'Sprint Backlog'!H10:H109,"<>9")+COUNTIFS('Sprint Backlog'!D10:D109,30,'Sprint Backlog'!J10:J109,"<>3")+COUNTIFS('Sprint Backlog'!D10:D109,50,'Sprint Backlog'!F10:F109,"<>30")+COUNTIFS('Sprint Backlog'!D10:D109,50,'Sprint Backlog'!H10:H109,"<>15")+COUNTIFS('Sprint Backlog'!D10:D109,50,'Sprint Backlog'!J10:J109,"<>5")+COUNTIFS('Sprint Backlog'!D10:D109,80,'Sprint Backlog'!F10:F109,"<>48")+COUNTIFS('Sprint Backlog'!D10:D109,80,'Sprint Backlog'!H10:H109,"<>24")+COUNTIFS('Sprint Backlog'!D10:D109,80,'Sprint Backlog'!J10:J109,"<>8")+COUNTIFS('Sprint Backlog'!D10:D109,130,'Sprint Backlog'!F10:F109,"<>78")+COUNTIFS('Sprint Backlog'!D10:D109,130,'Sprint Backlog'!H10:H109,"<>39")+COUNTIFS('Sprint Backlog'!D10:D109,130,'Sprint Backlog'!J10:J109,"<>13") -> 0 | C9: =IF(B9=0,"OK","REVER") -> OK | D9: Deve ser 0. As parcelas devem respeitar 60% / 30% / 10%.
A10: Papéis atribuídos à mesma pessoa | B10: =SUMPRODUCT(--('Sprint Backlog'!B10:B109<>""),--((('Sprint Backlog'!E10:E109='Sprint Backlog'!G10:G109)+('Sprint Backlog'!E10:E109='Sprint Backlog'!I10:I109)+('Sprint Backlog'!G10:G109='Sprint Backlog'!I10:I109))>0)) -> 0 | C10: =IF(B10=0,"OK","REVER") -> OK | D10: Deve ser 0. Executor, Revisor e Auditor têm de ser alunos diferentes em cada tarefa.
A11: Responsáveis em falta | B11: =SUMPRODUCT(--('Sprint Backlog'!B10:B109<>""),--('Sprint Backlog'!E10:E109=""))+SUMPRODUCT(--('Sprint Backlog'!B10:B109<>""),--('Sprint Backlog'!G10:G109=""))+SUMPRODUCT(--('Sprint Backlog'!B10:B109<>""),--('Sprint Backlog'!I10:I109="")) -> 0 | C11: =IF(B11=0,"OK","REVER") -> OK | D11: Deve ser 0. O valor conta campos de responsabilidade vazios.
A12: Prazos do Executor em falta | B12: =SUMPRODUCT(--('Sprint Backlog'!B10:B109<>""),--('Sprint Backlog'!K10:K109="")) -> 0 | C12: =IF(B12=0,"OK","REVER") -> OK | D12: Deve ser 0. Cada tarefa precisa de um prazo máximo do Executor.
A13: Estados inválidos ou vazios | B13: =COUNTA('Sprint Backlog'!B10:B109)-COUNTIF('Sprint Backlog'!L10:L109,"Pendente")-COUNTIF('Sprint Backlog'!L10:L109,"Em Execução")-COUNTIF('Sprint Backlog'!L10:L109,"Em Revisão")-COUNTIF('Sprint Backlog'!L10:L109,"Em Auditoria de Qualidade")-COUNTIF('Sprint Backlog'!L10:L109,"Pronta para Sprint Review")-COUNTIF('Sprint Backlog'!L10:L109,"Done") -> 0 | C13: =IF(B13=0,"OK","REVER") -> OK | D13: Deve ser 0. Ready, Bloqueada e Cancelada não são estados.
A14: Transferências sem Issue no Sprint | B14: =SUMPRODUCT(--(Transferências!B10:B59<>""),--(Transferências!C10:C59="")) -> 0 | C14: =IF(B14=0,"OK","REVER") -> OK | D14: Deve ser 0. Uma transferência só pode referir uma Issue deste Sprint Backlog.
A15: Identificadores de transferência duplicados | B15: =SUMPRODUCT(--(Transferências!A10:A59<>""),--(COUNTIF(Transferências!A10:A59,Transferências!A10:A59)>1)) -> 0 | C15: =IF(B15=0,"OK","REVER") -> OK | D15: Deve ser 0. Cada transferência tem um identificador único.
A16: Transferências que não conservam os pontos da parcela. | B16: =COUNTIF(Transferências!O10:O59,"REVER") -> 0 | C16: =IF(B16=0,"OK","REVER") -> OK | D16: Deve ser 0. A soma das três partes deve coincidir com o máximo original do papel.
A17: Transferências sem independência confirmada | B17: =COUNTIFS(Transferências!A10:A59,"<>",Transferências!P10:P59,"<>Sim") -> 0 | C17: =IF(B17=0,"OK","REVER") -> OK | D17: Deve ser 0. A nova distribuição não pode acumular papéis incompatíveis na mesma tarefa.
A18: Responsável inicial igual ao novo responsável | B18: =SUMPRODUCT(--(Transferências!A10:A59<>""),--(Transferências!E10:E59=Transferências!F10:F59)) -> 0 | C18: =IF(B18=0,"OK","REVER") -> OK | D18: Deve ser 0. Uma transferência exige mudança efetiva de responsável.
A19: Campos essenciais vazios nas transferências | B19: =SUMPRODUCT(--(Transferências!A10:A59<>""),--(Transferências!B10:B59=""))+SUMPRODUCT(--(Transferências!A10:A59<>""),--(Transferências!D10:D59=""))+SUMPRODUCT(--(Transferências!A10:A59<>""),--(Transferências!F10:F59=""))+SUMPRODUCT(--(Transferências!A10:A59<>""),--(Transferências!N10:N59="")) -> 0 | C19: =IF(B19=0,"OK","REVER") -> OK | D19: Deve ser 0. O valor conta Issue, papel, novo responsável ou fundamento em falta.

Sheet Instruções
A1: INSTRUÇÕES DE UTILIZAÇÃO
A3: Passo | B3: Ação | C3: Regra | D3: Resultado esperado
A4: 1 | B4: Copiar e renomear | C4: Mantenha o template original em 01.01-templates. Crie uma cópia na pasta funcional e utilize a nomenclatura <milestone-real>-s<sprint>-sprint-backlog-v<versao>, com a extensão correspondente ao formato editável efetivamente utilizado, XLS ou XLSX. A primeira versão operacional do Sprint é v01, independentemente da versão do ficheiro-template. O formato XLSM não é permitido e não devem ser utilizadas macros. Quando existam versões XLS e XLSX do mesmo conteúdo, estas devem manter-se coerentes. | D4: Cópia operacional corretamente identificada.
A5: 2 | B5: Identificar a origem | C5: Indique o Sprint e o caminho completo do PDF do Backlog de Projeto que foi aprovado, congelado e assinado no Backlog Refinement. O PDF de origem deve ser o mesmo que a ata do Sprint Planning vai identificar. | D5: Ligação inequívoca ao detalhe integral das tarefas.
A6: 3 | B6: Selecionar as tarefas | C6: Transcreva apenas as tarefas aprovadas como Ready e que vão entrar neste sprint. Copie do Backlog de Projeto de origem a Issue, a designação da tarefa e o Orçamento da tarefa. Não altere no Sprint Planning o orçamento nem os elementos anteriormente aprovados. | D6: Sprint Backlog composto exclusivamente por tarefas Ready.
A7: 4 | B7: Atribuir os papéis | C7: Atribua alunos diferentes aos papéis Executor, Revisor e Auditor em cada tarefa. As parcelas de 60%, 30% e 10% são calculadas automaticamente e representam as parcelas máximas iniciais. | D7: Responsabilidades independentes e orçamento corretamente repartido.
A8: 5 | B8: Definir os prazos | C8: Registe o prazo máximo concreto do Executor no formato aaaa-MM-dd HH:mm. O prazo deve permitir o cumprimento da sequência de revisão, auditoria, aceitação e confirmação final prevista no Regulamento da UC. | D8: Prazo verificável e compatível com o fluxo da tarefa.
A9: 6 | B9: Validar e aprovar | C9: Consulte a folha Validação e corrija todos os resultados REVER. A versão v01 é aprovada no Sprint Planning, integralmente exportada para PDF e assinada nos termos do Regulamento. As versões posteriores são aprovadas na reunião formal que autoriza a respetiva alteração e originam um novo PDF assinado. | D9: Planeamento original congelado e rastreável.
A10: 7 | B10: Atualizar durante o Sprint | C10: Atualize o estado e o histórico sem apagar registos anteriores. Não utilize Ready como estado, porque a condição Ready já foi confirmada antes de a tarefa entrar no Sprint Backlog. Não utilize Cancelada, porque uma tarefa integrada no Sprint Backlog não pode ser cancelada nem removida. Bloqueada é uma indicação temporária, não um estado; mantenha o estado atual e registe no histórico a data, o motivo, a dependência, o responsável pela resolução e o impacto. | D10: Acompanhamento atual e histórico preservado.
A11: 8 | B11: Registar uma transferência | C11: Uma transferência exige reunião formal. Crie uma nova versão do ficheiro editável, em formato XLS ou XLSX, a partir da última versão, acrescente o registo na folha Transferências e não altere a atribuição original da folha Sprint Backlog. | D11: Nova distribuição documentada sem apagar o planeamento.
A12: 9 | B12: Congelar uma versão posterior | C12: Cada nova versão corresponde a uma única reunião formal. Exporte para PDF as folhas Sprint Backlog e Transferências, associe o novo PDF assinado à ata da reunião e conserve todas as versões anteriores do ficheiro editável e dos respetivos PDF assinados. A ata deve identificar o ficheiro editável efetivamente utilizado, em formato XLS ou XLSX, e o PDF correspondente. Em caso de divergência relativamente ao conteúdo ratificado, prevalece o PDF assinado. | D12: Transferência formalmente ratificada e reconstruível.
A13: 10 | B13: Preparar a avaliação | C13: No Mapa de Pontuação Individual, obtenha a PMI da folha Sprint Backlog e os PC e PR da folha Transferências. A qualidade e o atraso são aplicados apenas depois de calculada a PMR e já no Mapa de Pontuação Individual. | D13: Pontuação individual baseada no planeamento e nas transferências formais.
A15: REGRAS ESSENCIAIS
A16: Fonte do detalhe | B16: O Sprint Backlog é deliberadamente compacto. A descrição, o objetivo, o resultado esperado, os critérios de aceitação, as evidências, as verificações, a checklist do Auditor, as dependências, a DoD, as referências e a pasta de destino permanecem no PDF assinado do Backlog de Projeto de origem.
A17: PDF de origem | B17: O Backlog de Projeto de origem foi congelado e assinado no Backlog Refinement. Não é novamente exportado nem novamente assinado no Sprint Planning. A ata do Sprint Planning identifica e aceita essa versão anteriormente ratificada.
A18: Atribuição inicial | B18: As colunas dos responsáveis e dos pontos iniciais demonstram o planeamento aprovado no Sprint Planning. Não devem ser substituídas pelos responsáveis resultantes de uma transferência posterior.
A19: Transferência formal | B19: Quando a coluna Transferência formal indicar «Sim — consultar Transferências», a linha da folha principal não pode ser interpretada isoladamente. A distribuição atual encontra-se na folha Transferências.
A20: Carga planeada | B20: A Carga das Tarefas Planeadas utiliza sempre as atribuições iniciais. Uma transferência não corrige nem reequilibra retroativamente o planeamento aprovado no Sprint Planning.
A21: Mapa de pontuação | B21: Esta regra aplica-se ao preenchimento posterior do Mapa de Pontuação Individual; o Sprint Backlog não calcula PMI, PC, PR nem PMR. Nesse mapa, a PMI provém da atribuição inicial registada na folha Sprint Backlog, e os PC e PR provêm da folha Transferências. Exemplo: PMI 30, PC 6 e PR 0 produzem PMR 24; para o novo responsável, PMI 0, PC 0 e PR 6 produzem PMR 6.
A22: Imutabilidade | B22: Depois de uma tarefa entrar no Sprint Backlog, não pode ser cancelada, removida do orçamento nem receber um novo orçamento. Se continuar incompleta, permanece aberta sem recuperar pontos perdidos e sem permitir nova pontuação para trabalho já aceite.
A23: Versões | B23: A v01 congela o planeamento inicial. A v02 e seguintes são cumulativas e acrescentam apenas alterações formalmente autorizadas. Nunca substitua, elimine ou reutilize uma versão anterior.
A24: Exportação para PDF | B24: Na v01, exporte a folha Sprint Backlog. Numa versão com transferências, exporte as folhas Sprint Backlog e Transferências. Não inclua no PDF as folhas Validação, Instruções ou Listas de apoio.
A25: Formato editável | B25: O ficheiro editável pode ser mantido em formato XLS ou XLSX. O formato XLSM não é permitido e não devem ser utilizadas macros. Quando existam versões XLS e XLSX do mesmo conteúdo, estas devem manter-se coerentes. Confirme as fórmulas, validações e formatação depois de qualquer conversão.
A27: EXEMPLO DA TRANSFERÊNCIA E DO MAPA DE PONTUAÇÃO INDIVIDUAL
A28: Issue e aluno | B28: PMI | C28: PC / PR | D28: PMR
A29: I021 — Aluno A — Executor inicial | B29: 30 | C29: PC = 6; PR = 0 | D29: 24
A30: I021 — Aluno D — Coexecutor | B30: 0 | C30: PC = 0; PR = 6 | D30: 6
A31: I021 — Aluno B — Revisor | B31: 15 | C31: PC = 0; PR = 0 | D31: 15
A32: I021 — Aluno C — Auditor | B32: 5 | C32: PC = 0; PR = 0 | D32: 5
A34: No exemplo, os 6 pontos recebidos pelo Aluno D não entram retroativamente na Carga das Tarefas Planeadas. Apenas alteram a Parcela Máxima Resultante utilizada no cálculo da pontuação individual.

Sheet Listas de apoio
A1: LISTAS DE APOIO
A2: As células amarelas da lista de alunos devem ser substituídas pelos dados reais do grupo. As listas normativas a cinzento suportam as listas suspensas e não devem ser alteradas na cópia operacional.
A4: Orçamento | C4: Estado | E4: Papel | G4: Confirmação | I4: Aluno | J4: Número | K4: E-mail
A5: 10 | C5: Pendente | E5: Executor | G5: Sim | I5: André Filipe Moreira Mesquita | J5: 8220764 | K5: 8220764@estg.ipp.pt
A6: 20 | C6: Em Execução | E6: Revisor | G6: Não | I6: Gonçalo Dinis Magalhães Teixeira | J6: 8240293 | K6: 8240293@estg.ipp.pt
A7: 30 | C7: Em Revisão | E7: Auditor | I7: Gonçalo Magalhães Ribeiro | J7: 8250466 | K7: 8250466@estg.ipp.pt
A8: 50 | C8: Em Auditoria de Qualidade | I8: Ivan Cristiano Silva Mendes | J8: 8220390 | K8: 8220390@estg.ipp.pt
A9: 80 | C9: Pronta para Sprint Review
A10: 130 | C10: Done
A12: NOTAS SOBRE AS LISTAS
A13: Alunos do grupo | C13: Substitua os quatro exemplos pelos dados reais do grupo. Se o docente autorizar uma quantidade diferente de alunos, ajuste a lista e o intervalo nomeado AlunosGrupo em conformidade.
A14: Estados | C14: Ready, Bloqueada e Cancelada não são estados permitidos. Um bloqueio é registado em Histórico e observações do Sprint.
A15: Orçamentos | C15: Uma tarefa só entra no Sprint Backlog depois de aprovada como Ready. Por isso, apenas são aceites os seis valores numéricos da escala oficial.
