Workbook
Name AlunosRotacao: 'Listas de apoio'!$A$5:$A$8
Name Confirmacoes: 'Listas de apoio'!$I$5:$I$7
Name MilestonesRotacao: 'Listas de apoio'!$C$5:$C$8
Name ModelosLideranca: 'Listas de apoio'!$K$5:$K$6
Name PapeisRotacao: 'Listas de apoio'!$M$5:$M$7
Name SituacoesSprint: 'Listas de apoio'!$G$5:$G$6
Name SprintsRotacao: 'Listas de apoio'!$E$5:$E$24

Sheet Grelha de Rotação de Papéis
A1: GRELHA DE ROTAÇÃO DE PAPÉIS | B1: GRELHA DE ROTAÇÃO DE PAPÉIS | C1: GRELHA DE ROTAÇÃO DE PAPÉIS | D1: GRELHA DE ROTAÇÃO DE PAPÉIS | E1: GRELHA DE ROTAÇÃO DE PAPÉIS | F1: GRELHA DE ROTAÇÃO DE PAPÉIS | G1: GRELHA DE ROTAÇÃO DE PAPÉIS | H1: GRELHA DE ROTAÇÃO DE PAPÉIS | I1: GRELHA DE ROTAÇÃO DE PAPÉIS
A2: DOCUMENTO CUMULATIVO DE TODO O PROJETO — entregue uma versão atualizada em cada Milestone de Entrega. Os resumos são calculados a partir da folha «Registo da Rotação» e distinguem atribuições iniciais de desempenhos efetivamente confirmados. | B2: DOCUMENTO CUMULATIVO DE TODO O PROJETO — entregue uma versão atualizada em cada Milestone de Entrega. Os resumos são calculados a partir da folha «Registo da Rotação» e distinguem atribuições iniciais de desempenhos efetivamente confirmados. | C2: DOCUMENTO CUMULATIVO DE TODO O PROJETO — entregue uma versão atualizada em cada Milestone de Entrega. Os resumos são calculados a partir da folha «Registo da Rotação» e distinguem atribuições iniciais de desempenhos efetivamente confirmados. | D2: DOCUMENTO CUMULATIVO DE TODO O PROJETO — entregue uma versão atualizada em cada Milestone de Entrega. Os resumos são calculados a partir da folha «Registo da Rotação» e distinguem atribuições iniciais de desempenhos efetivamente confirmados. | E2: DOCUMENTO CUMULATIVO DE TODO O PROJETO — entregue uma versão atualizada em cada Milestone de Entrega. Os resumos são calculados a partir da folha «Registo da Rotação» e distinguem atribuições iniciais de desempenhos efetivamente confirmados. | F2: DOCUMENTO CUMULATIVO DE TODO O PROJETO — entregue uma versão atualizada em cada Milestone de Entrega. Os resumos são calculados a partir da folha «Registo da Rotação» e distinguem atribuições iniciais de desempenhos efetivamente confirmados. | G2: DOCUMENTO CUMULATIVO DE TODO O PROJETO — entregue uma versão atualizada em cada Milestone de Entrega. Os resumos são calculados a partir da folha «Registo da Rotação» e distinguem atribuições iniciais de desempenhos efetivamente confirmados. | H2: DOCUMENTO CUMULATIVO DE TODO O PROJETO — entregue uma versão atualizada em cada Milestone de Entrega. Os resumos são calculados a partir da folha «Registo da Rotação» e distinguem atribuições iniciais de desempenhos efetivamente confirmados. | I2: DOCUMENTO CUMULATIVO DE TODO O PROJETO — entregue uma versão atualizada em cada Milestone de Entrega. Os resumos são calculados a partir da folha «Registo da Rotação» e distinguem atribuições iniciais de desempenhos efetivamente confirmados.
A4: IDENTIFICAÇÃO | B4: IDENTIFICAÇÃO | C4: IDENTIFICAÇÃO | D4: IDENTIFICAÇÃO | E4: IDENTIFICAÇÃO | F4: IDENTIFICAÇÃO | G4: IDENTIFICAÇÃO | H4: IDENTIFICAÇÃO | I4: IDENTIFICAÇÃO
A5: Número de alunos considerado — n | B5: 4
A6: Referência da autorização para n diferente de 4 | B6: Não aplicável — n = 4
A7: Modelo de liderança | B7: Permanente
A8: Líder permanente | B8: Ivan Cristiano Silva Mendes
A10: RESUMO ACUMULADO POR ALUNO | B10: RESUMO ACUMULADO POR ALUNO | C10: RESUMO ACUMULADO POR ALUNO | D10: RESUMO ACUMULADO POR ALUNO | E10: RESUMO ACUMULADO POR ALUNO | F10: RESUMO ACUMULADO POR ALUNO | G10: RESUMO ACUMULADO POR ALUNO | H10: RESUMO ACUMULADO POR ALUNO | I10: RESUMO ACUMULADO POR ALUNO
A11: Aluno | B11: Executor — atribuições iniciais | C11: Executor — desempenhos confirmados | D11: Revisor — atribuições iniciais | E11: Revisor — desempenhos confirmados | F11: Auditor — atribuições iniciais | G11: Auditor — desempenhos confirmados | H11: Secretário — designações | I11: Secretariado confirmado
A12: =IF('Listas de apoio'!A5="","",'Listas de apoio'!A5) -> André Filipe Moreira Mesquita | B12: =IF(A12="","",COUNTIF('Registo da Rotação'!$F$54:$F$162,A12)) -> 2 | C12: =IF(A12="","",COUNTIFS('Registo da Rotação'!$F$54:$F$162,A12,'Registo da Rotação'!$I$54:$I$162,"Sim")+COUNTIFS('Registo da Rotação'!$D$168:$D$217,"Executor",'Registo da Rotação'!$F$168:$F$217,A12,'Registo da Rotação'!$H$168:$H$217,"Sim")) -> 2 | D12: =IF(A12="","",COUNTIF('Registo da Rotação'!$G$54:$G$162,A12)) -> 3 | E12: =IF(A12="","",COUNTIFS('Registo da Rotação'!$G$54:$G$162,A12,'Registo da Rotação'!$J$54:$J$162,"Sim")+COUNTIFS('Registo da Rotação'!$D$168:$D$217,"Revisor",'Registo da Rotação'!$F$168:$F$217,A12,'Registo da Rotação'!$H$168:$H$217,"Sim")) -> 3 | F12: =IF(A12="","",COUNTIF('Registo da Rotação'!$H$54:$H$162,A12)) -> 1 | G12: =IF(A12="","",COUNTIFS('Registo da Rotação'!$H$54:$H$162,A12,'Registo da Rotação'!$K$54:$K$162,"Sim")+COUNTIFS('Registo da Rotação'!$D$168:$D$217,"Auditor",'Registo da Rotação'!$F$168:$F$217,A12,'Registo da Rotação'!$H$168:$H$217,"Sim")) -> 1 | H12: =IF(A12="","",COUNTIF('Registo da Rotação'!$F$6:$F$25,A12)) -> 0 | I12: =IF(A12="","",COUNTIFS('Registo da Rotação'!$F$6:$F$25,A12,'Registo da Rotação'!$G$6:$G$25,"Sim")) -> 0
A13: =IF('Listas de apoio'!A6="","",'Listas de apoio'!A6) -> Gonçalo Dinis Magalhães Teixeira | B13: =IF(A13="","",COUNTIF('Registo da Rotação'!$F$54:$F$162,A13)) -> 2 | C13: =IF(A13="","",COUNTIFS('Registo da Rotação'!$F$54:$F$162,A13,'Registo da Rotação'!$I$54:$I$162,"Sim")+COUNTIFS('Registo da Rotação'!$D$168:$D$217,"Executor",'Registo da Rotação'!$F$168:$F$217,A13,'Registo da Rotação'!$H$168:$H$217,"Sim")) -> 2 | D13: =IF(A13="","",COUNTIF('Registo da Rotação'!$G$54:$G$162,A13)) -> 0 | E13: =IF(A13="","",COUNTIFS('Registo da Rotação'!$G$54:$G$162,A13,'Registo da Rotação'!$J$54:$J$162,"Sim")+COUNTIFS('Registo da Rotação'!$D$168:$D$217,"Revisor",'Registo da Rotação'!$F$168:$F$217,A13,'Registo da Rotação'!$H$168:$H$217,"Sim")) -> 0 | F13: =IF(A13="","",COUNTIF('Registo da Rotação'!$H$54:$H$162,A13)) -> 2 | G13: =IF(A13="","",COUNTIFS('Registo da Rotação'!$H$54:$H$162,A13,'Registo da Rotação'!$K$54:$K$162,"Sim")+COUNTIFS('Registo da Rotação'!$D$168:$D$217,"Auditor",'Registo da Rotação'!$F$168:$F$217,A13,'Registo da Rotação'!$H$168:$H$217,"Sim")) -> 2 | H13: =IF(A13="","",COUNTIF('Registo da Rotação'!$F$6:$F$25,A13)) -> 1 | I13: =IF(A13="","",COUNTIFS('Registo da Rotação'!$F$6:$F$25,A13,'Registo da Rotação'!$G$6:$G$25,"Sim")) -> 1
A14: =IF('Listas de apoio'!A7="","",'Listas de apoio'!A7) -> Gonçalo Magalhães Ribeiro | B14: =IF(A14="","",COUNTIF('Registo da Rotação'!$F$54:$F$162,A14)) -> 2 | C14: =IF(A14="","",COUNTIFS('Registo da Rotação'!$F$54:$F$162,A14,'Registo da Rotação'!$I$54:$I$162,"Sim")+COUNTIFS('Registo da Rotação'!$D$168:$D$217,"Executor",'Registo da Rotação'!$F$168:$F$217,A14,'Registo da Rotação'!$H$168:$H$217,"Sim")) -> 2 | D14: =IF(A14="","",COUNTIF('Registo da Rotação'!$G$54:$G$162,A14)) -> 2 | E14: =IF(A14="","",COUNTIFS('Registo da Rotação'!$G$54:$G$162,A14,'Registo da Rotação'!$J$54:$J$162,"Sim")+COUNTIFS('Registo da Rotação'!$D$168:$D$217,"Revisor",'Registo da Rotação'!$F$168:$F$217,A14,'Registo da Rotação'!$H$168:$H$217,"Sim")) -> 2 | F14: =IF(A14="","",COUNTIF('Registo da Rotação'!$H$54:$H$162,A14)) -> 2 | G14: =IF(A14="","",COUNTIFS('Registo da Rotação'!$H$54:$H$162,A14,'Registo da Rotação'!$K$54:$K$162,"Sim")+COUNTIFS('Registo da Rotação'!$D$168:$D$217,"Auditor",'Registo da Rotação'!$F$168:$F$217,A14,'Registo da Rotação'!$H$168:$H$217,"Sim")) -> 2 | H14: =IF(A14="","",COUNTIF('Registo da Rotação'!$F$6:$F$25,A14)) -> 0 | I14: =IF(A14="","",COUNTIFS('Registo da Rotação'!$F$6:$F$25,A14,'Registo da Rotação'!$G$6:$G$25,"Sim")) -> 0
A15: =IF('Listas de apoio'!A8="","",'Listas de apoio'!A8) -> Ivan Cristiano Silva Mendes | B15: =IF(A15="","",COUNTIF('Registo da Rotação'!$F$54:$F$162,A15)) -> 4 | C15: =IF(A15="","",COUNTIFS('Registo da Rotação'!$F$54:$F$162,A15,'Registo da Rotação'!$I$54:$I$162,"Sim")+COUNTIFS('Registo da Rotação'!$D$168:$D$217,"Executor",'Registo da Rotação'!$F$168:$F$217,A15,'Registo da Rotação'!$H$168:$H$217,"Sim")) -> 4 | D15: =IF(A15="","",COUNTIF('Registo da Rotação'!$G$54:$G$162,A15)) -> 5 | E15: =IF(A15="","",COUNTIFS('Registo da Rotação'!$G$54:$G$162,A15,'Registo da Rotação'!$J$54:$J$162,"Sim")+COUNTIFS('Registo da Rotação'!$D$168:$D$217,"Revisor",'Registo da Rotação'!$F$168:$F$217,A15,'Registo da Rotação'!$H$168:$H$217,"Sim")) -> 5 | F15: =IF(A15="","",COUNTIF('Registo da Rotação'!$H$54:$H$162,A15)) -> 5 | G15: =IF(A15="","",COUNTIFS('Registo da Rotação'!$H$54:$H$162,A15,'Registo da Rotação'!$K$54:$K$162,"Sim")+COUNTIFS('Registo da Rotação'!$D$168:$D$217,"Auditor",'Registo da Rotação'!$F$168:$F$217,A15,'Registo da Rotação'!$H$168:$H$217,"Sim")) -> 5 | H15: =IF(A15="","",COUNTIF('Registo da Rotação'!$F$6:$F$25,A15)) -> 0 | I15: =IF(A15="","",COUNTIFS('Registo da Rotação'!$F$6:$F$25,A15,'Registo da Rotação'!$G$6:$G$25,"Sim")) -> 0
A17: DISTRIBUIÇÃO GLOBAL DOS DESEMPENHOS CONFIRMADOS | B17: DISTRIBUIÇÃO GLOBAL DOS DESEMPENHOS CONFIRMADOS | C17: DISTRIBUIÇÃO GLOBAL DOS DESEMPENHOS CONFIRMADOS | D17: DISTRIBUIÇÃO GLOBAL DOS DESEMPENHOS CONFIRMADOS | E17: DISTRIBUIÇÃO GLOBAL DOS DESEMPENHOS CONFIRMADOS
A18: Papel | B18: Menor número por aluno | C18: Maior número por aluno | D18: Diferença | E18: Interpretação
A19: Executor | B19: =MIN(C12:C15) -> 2 | C19: =MAX(C12:C15) -> 4 | D19: =C19-B19 -> 2 | E19: =IF(D19=0,"Distribuição igual",IF(D19=1,"Distribuição aproximada","Analisar distribuição")) -> Analisar distribuição
A20: Revisor | B20: =MIN(E12:E15) -> 0 | C20: =MAX(E12:E15) -> 5 | D20: =C20-B20 -> 5 | E20: =IF(D20=0,"Distribuição igual",IF(D20=1,"Distribuição aproximada","Analisar distribuição")) -> Analisar distribuição
A21: Auditor | B21: =MIN(G12:G15) -> 1 | C21: =MAX(G12:G15) -> 5 | D21: =C21-B21 -> 4 | E21: =IF(D21=0,"Distribuição igual",IF(D21=1,"Distribuição aproximada","Analisar distribuição")) -> Analisar distribuição
A22: Secretário | B22: =MIN(I12:I15) -> 0 | C22: =MAX(I12:I15) -> 1 | D22: =C22-B22 -> 1 | E22: =IF(D22=0,"Distribuição igual",IF(D22=1,"Distribuição aproximada","Analisar distribuição")) -> Distribuição aproximada
A24: RESUMO POR MILESTONE DE ENTREGA | B24: RESUMO POR MILESTONE DE ENTREGA | C24: RESUMO POR MILESTONE DE ENTREGA | D24: RESUMO POR MILESTONE DE ENTREGA | E24: RESUMO POR MILESTONE DE ENTREGA | F24: RESUMO POR MILESTONE DE ENTREGA | G24: RESUMO POR MILESTONE DE ENTREGA
A25: Milestone de Entrega | B25: Aluno | C25: Executor confirmado | D25: Revisor confirmado | E25: Auditor confirmado | F25: Secretariado confirmado | G25: Cobertura dos três papéis
A26: ='Listas de apoio'!C5 -> m1 | B26: =IF('Listas de apoio'!A5="","",'Listas de apoio'!A5) -> André Filipe Moreira Mesquita | C26: =IF(B26="","",COUNTIFS('Registo da Rotação'!$B$54:$B$162,A26,'Registo da Rotação'!$F$54:$F$162,B26,'Registo da Rotação'!$I$54:$I$162,"Sim")+COUNTIFS('Registo da Rotação'!$A$168:$A$217,A26,'Registo da Rotação'!$D$168:$D$217,"Executor",'Registo da Rotação'!$F$168:$F$217,B26,'Registo da Rotação'!$H$168:$H$217,"Sim")) -> 2 | D26: =IF(B26="","",COUNTIFS('Registo da Rotação'!$B$54:$B$162,A26,'Registo da Rotação'!$G$54:$G$162,B26,'Registo da Rotação'!$J$54:$J$162,"Sim")+COUNTIFS('Registo da Rotação'!$A$168:$A$217,A26,'Registo da Rotação'!$D$168:$D$217,"Revisor",'Registo da Rotação'!$F$168:$F$217,B26,'Registo da Rotação'!$H$168:$H$217,"Sim")) -> 3 | E26: =IF(B26="","",COUNTIFS('Registo da Rotação'!$B$54:$B$162,A26,'Registo da Rotação'!$H$54:$H$162,B26,'Registo da Rotação'!$K$54:$K$162,"Sim")+COUNTIFS('Registo da Rotação'!$A$168:$A$217,A26,'Registo da Rotação'!$D$168:$D$217,"Auditor",'Registo da Rotação'!$F$168:$F$217,B26,'Registo da Rotação'!$H$168:$H$217,"Sim")) -> 1 | F26: =IF(B26="","",COUNTIFS('Registo da Rotação'!$A$6:$A$25,A26,'Registo da Rotação'!$F$6:$F$25,B26,'Registo da Rotação'!$G$6:$G$25,"Sim")) -> 0 | G26: =IF(B26="","",IF(COUNTIFS('Registo da Rotação'!$A$6:$A$25,A26,'Registo da Rotação'!$D$6:$D$25,"Em curso")>0,"Em avaliação",IF(COUNTIFS('Registo da Rotação'!$A$6:$A$25,A26,'Registo da Rotação'!$D$6:$D$25,"Concluído")=0,"Sem sprints concluídos",IF(COUNTIF('Registo da Rotação'!$B$54:$B$162,A26)<$B$5,"Não aplicável — tarefas insuficientes",IF(AND(C26>0,D26>0,E26>0),"Cumprida","Por cumprir"))))) -> Cumprida
A27: ='Listas de apoio'!C5 -> m1 | B27: =IF('Listas de apoio'!A6="","",'Listas de apoio'!A6) -> Gonçalo Dinis Magalhães Teixeira | C27: =IF(B27="","",COUNTIFS('Registo da Rotação'!$B$54:$B$162,A27,'Registo da Rotação'!$F$54:$F$162,B27,'Registo da Rotação'!$I$54:$I$162,"Sim")+COUNTIFS('Registo da Rotação'!$A$168:$A$217,A27,'Registo da Rotação'!$D$168:$D$217,"Executor",'Registo da Rotação'!$F$168:$F$217,B27,'Registo da Rotação'!$H$168:$H$217,"Sim")) -> 2 | D27: =IF(B27="","",COUNTIFS('Registo da Rotação'!$B$54:$B$162,A27,'Registo da Rotação'!$G$54:$G$162,B27,'Registo da Rotação'!$J$54:$J$162,"Sim")+COUNTIFS('Registo da Rotação'!$A$168:$A$217,A27,'Registo da Rotação'!$D$168:$D$217,"Revisor",'Registo da Rotação'!$F$168:$F$217,B27,'Registo da Rotação'!$H$168:$H$217,"Sim")) -> 0 | E27: =IF(B27="","",COUNTIFS('Registo da Rotação'!$B$54:$B$162,A27,'Registo da Rotação'!$H$54:$H$162,B27,'Registo da Rotação'!$K$54:$K$162,"Sim")+COUNTIFS('Registo da Rotação'!$A$168:$A$217,A27,'Registo da Rotação'!$D$168:$D$217,"Auditor",'Registo da Rotação'!$F$168:$F$217,B27,'Registo da Rotação'!$H$168:$H$217,"Sim")) -> 2 | F27: =IF(B27="","",COUNTIFS('Registo da Rotação'!$A$6:$A$25,A27,'Registo da Rotação'!$F$6:$F$25,B27,'Registo da Rotação'!$G$6:$G$25,"Sim")) -> 1 | G27: =IF(B27="","",IF(COUNTIFS('Registo da Rotação'!$A$6:$A$25,A27,'Registo da Rotação'!$D$6:$D$25,"Em curso")>0,"Em avaliação",IF(COUNTIFS('Registo da Rotação'!$A$6:$A$25,A27,'Registo da Rotação'!$D$6:$D$25,"Concluído")=0,"Sem sprints concluídos",IF(COUNTIF('Registo da Rotação'!$B$54:$B$162,A27)<$B$5,"Não aplicável — tarefas insuficientes",IF(AND(C27>0,D27>0,E27>0),"Cumprida","Por cumprir"))))) -> Por cumprir
A28: ='Listas de apoio'!C5 -> m1 | B28: =IF('Listas de apoio'!A7="","",'Listas de apoio'!A7) -> Gonçalo Magalhães Ribeiro | C28: =IF(B28="","",COUNTIFS('Registo da Rotação'!$B$54:$B$162,A28,'Registo da Rotação'!$F$54:$F$162,B28,'Registo da Rotação'!$I$54:$I$162,"Sim")+COUNTIFS('Registo da Rotação'!$A$168:$A$217,A28,'Registo da Rotação'!$D$168:$D$217,"Executor",'Registo da Rotação'!$F$168:$F$217,B28,'Registo da Rotação'!$H$168:$H$217,"Sim")) -> 2 | D28: =IF(B28="","",COUNTIFS('Registo da Rotação'!$B$54:$B$162,A28,'Registo da Rotação'!$G$54:$G$162,B28,'Registo da Rotação'!$J$54:$J$162,"Sim")+COUNTIFS('Registo da Rotação'!$A$168:$A$217,A28,'Registo da Rotação'!$D$168:$D$217,"Revisor",'Registo da Rotação'!$F$168:$F$217,B28,'Registo da Rotação'!$H$168:$H$217,"Sim")) -> 2 | E28: =IF(B28="","",COUNTIFS('Registo da Rotação'!$B$54:$B$162,A28,'Registo da Rotação'!$H$54:$H$162,B28,'Registo da Rotação'!$K$54:$K$162,"Sim")+COUNTIFS('Registo da Rotação'!$A$168:$A$217,A28,'Registo da Rotação'!$D$168:$D$217,"Auditor",'Registo da Rotação'!$F$168:$F$217,B28,'Registo da Rotação'!$H$168:$H$217,"Sim")) -> 2 | F28: =IF(B28="","",COUNTIFS('Registo da Rotação'!$A$6:$A$25,A28,'Registo da Rotação'!$F$6:$F$25,B28,'Registo da Rotação'!$G$6:$G$25,"Sim")) -> 0 | G28: =IF(B28="","",IF(COUNTIFS('Registo da Rotação'!$A$6:$A$25,A28,'Registo da Rotação'!$D$6:$D$25,"Em curso")>0,"Em avaliação",IF(COUNTIFS('Registo da Rotação'!$A$6:$A$25,A28,'Registo da Rotação'!$D$6:$D$25,"Concluído")=0,"Sem sprints concluídos",IF(COUNTIF('Registo da Rotação'!$B$54:$B$162,A28)<$B$5,"Não aplicável — tarefas insuficientes",IF(AND(C28>0,D28>0,E28>0),"Cumprida","Por cumprir"))))) -> Cumprida
A29: ='Listas de apoio'!C5 -> m1 | B29: =IF('Listas de apoio'!A8="","",'Listas de apoio'!A8) -> Ivan Cristiano Silva Mendes | C29: =IF(B29="","",COUNTIFS('Registo da Rotação'!$B$54:$B$162,A29,'Registo da Rotação'!$F$54:$F$162,B29,'Registo da Rotação'!$I$54:$I$162,"Sim")+COUNTIFS('Registo da Rotação'!$A$168:$A$217,A29,'Registo da Rotação'!$D$168:$D$217,"Executor",'Registo da Rotação'!$F$168:$F$217,B29,'Registo da Rotação'!$H$168:$H$217,"Sim")) -> 4 | D29: =IF(B29="","",COUNTIFS('Registo da Rotação'!$B$54:$B$162,A29,'Registo da Rotação'!$G$54:$G$162,B29,'Registo da Rotação'!$J$54:$J$162,"Sim")+COUNTIFS('Registo da Rotação'!$A$168:$A$217,A29,'Registo da Rotação'!$D$168:$D$217,"Revisor",'Registo da Rotação'!$F$168:$F$217,B29,'Registo da Rotação'!$H$168:$H$217,"Sim")) -> 5 | E29: =IF(B29="","",COUNTIFS('Registo da Rotação'!$B$54:$B$162,A29,'Registo da Rotação'!$H$54:$H$162,B29,'Registo da Rotação'!$K$54:$K$162,"Sim")+COUNTIFS('Registo da Rotação'!$A$168:$A$217,A29,'Registo da Rotação'!$D$168:$D$217,"Auditor",'Registo da Rotação'!$F$168:$F$217,B29,'Registo da Rotação'!$H$168:$H$217,"Sim")) -> 5 | F29: =IF(B29="","",COUNTIFS('Registo da Rotação'!$A$6:$A$25,A29,'Registo da Rotação'!$F$6:$F$25,B29,'Registo da Rotação'!$G$6:$G$25,"Sim")) -> 0 | G29: =IF(B29="","",IF(COUNTIFS('Registo da Rotação'!$A$6:$A$25,A29,'Registo da Rotação'!$D$6:$D$25,"Em curso")>0,"Em avaliação",IF(COUNTIFS('Registo da Rotação'!$A$6:$A$25,A29,'Registo da Rotação'!$D$6:$D$25,"Concluído")=0,"Sem sprints concluídos",IF(COUNTIF('Registo da Rotação'!$B$54:$B$162,A29)<$B$5,"Não aplicável — tarefas insuficientes",IF(AND(C29>0,D29>0,E29>0),"Cumprida","Por cumprir"))))) -> Cumprida
A30: ='Listas de apoio'!C6 -> m2 | B30: =IF('Listas de apoio'!A5="","",'Listas de apoio'!A5) -> André Filipe Moreira Mesquita | C30: =IF(B30="","",COUNTIFS('Registo da Rotação'!$B$54:$B$162,A30,'Registo da Rotação'!$F$54:$F$162,B30,'Registo da Rotação'!$I$54:$I$162,"Sim")+COUNTIFS('Registo da Rotação'!$A$168:$A$217,A30,'Registo da Rotação'!$D$168:$D$217,"Executor",'Registo da Rotação'!$F$168:$F$217,B30,'Registo da Rotação'!$H$168:$H$217,"Sim")) -> 0 | D30: =IF(B30="","",COUNTIFS('Registo da Rotação'!$B$54:$B$162,A30,'Registo da Rotação'!$G$54:$G$162,B30,'Registo da Rotação'!$J$54:$J$162,"Sim")+COUNTIFS('Registo da Rotação'!$A$168:$A$217,A30,'Registo da Rotação'!$D$168:$D$217,"Revisor",'Registo da Rotação'!$F$168:$F$217,B30,'Registo da Rotação'!$H$168:$H$217,"Sim")) -> 0 | E30: =IF(B30="","",COUNTIFS('Registo da Rotação'!$B$54:$B$162,A30,'Registo da Rotação'!$H$54:$H$162,B30,'Registo da Rotação'!$K$54:$K$162,"Sim")+COUNTIFS('Registo da Rotação'!$A$168:$A$217,A30,'Registo da Rotação'!$D$168:$D$217,"Auditor",'Registo da Rotação'!$F$168:$F$217,B30,'Registo da Rotação'!$H$168:$H$217,"Sim")) -> 0 | F30: =IF(B30="","",COUNTIFS('Registo da Rotação'!$A$6:$A$25,A30,'Registo da Rotação'!$F$6:$F$25,B30,'Registo da Rotação'!$G$6:$G$25,"Sim")) -> 0 | G30: =IF(B30="","",IF(COUNTIFS('Registo da Rotação'!$A$6:$A$25,A30,'Registo da Rotação'!$D$6:$D$25,"Em curso")>0,"Em avaliação",IF(COUNTIFS('Registo da Rotação'!$A$6:$A$25,A30,'Registo da Rotação'!$D$6:$D$25,"Concluído")=0,"Sem sprints concluídos",IF(COUNTIF('Registo da Rotação'!$B$54:$B$162,A30)<$B$5,"Não aplicável — tarefas insuficientes",IF(AND(C30>0,D30>0,E30>0),"Cumprida","Por cumprir"))))) -> Sem sprints concluídos
A31: ='Listas de apoio'!C6 -> m2 | B31: =IF('Listas de apoio'!A6="","",'Listas de apoio'!A6) -> Gonçalo Dinis Magalhães Teixeira | C31: =IF(B31="","",COUNTIFS('Registo da Rotação'!$B$54:$B$162,A31,'Registo da Rotação'!$F$54:$F$162,B31,'Registo da Rotação'!$I$54:$I$162,"Sim")+COUNTIFS('Registo da Rotação'!$A$168:$A$217,A31,'Registo da Rotação'!$D$168:$D$217,"Executor",'Registo da Rotação'!$F$168:$F$217,B31,'Registo da Rotação'!$H$168:$H$217,"Sim")) -> 0 | D31: =IF(B31="","",COUNTIFS('Registo da Rotação'!$B$54:$B$162,A31,'Registo da Rotação'!$G$54:$G$162,B31,'Registo da Rotação'!$J$54:$J$162,"Sim")+COUNTIFS('Registo da Rotação'!$A$168:$A$217,A31,'Registo da Rotação'!$D$168:$D$217,"Revisor",'Registo da Rotação'!$F$168:$F$217,B31,'Registo da Rotação'!$H$168:$H$217,"Sim")) -> 0 | E31: =IF(B31="","",COUNTIFS('Registo da Rotação'!$B$54:$B$162,A31,'Registo da Rotação'!$H$54:$H$162,B31,'Registo da Rotação'!$K$54:$K$162,"Sim")+COUNTIFS('Registo da Rotação'!$A$168:$A$217,A31,'Registo da Rotação'!$D$168:$D$217,"Auditor",'Registo da Rotação'!$F$168:$F$217,B31,'Registo da Rotação'!$H$168:$H$217,"Sim")) -> 0 | F31: =IF(B31="","",COUNTIFS('Registo da Rotação'!$A$6:$A$25,A31,'Registo da Rotação'!$F$6:$F$25,B31,'Registo da Rotação'!$G$6:$G$25,"Sim")) -> 0 | G31: =IF(B31="","",IF(COUNTIFS('Registo da Rotação'!$A$6:$A$25,A31,'Registo da Rotação'!$D$6:$D$25,"Em curso")>0,"Em avaliação",IF(COUNTIFS('Registo da Rotação'!$A$6:$A$25,A31,'Registo da Rotação'!$D$6:$D$25,"Concluído")=0,"Sem sprints concluídos",IF(COUNTIF('Registo da Rotação'!$B$54:$B$162,A31)<$B$5,"Não aplicável — tarefas insuficientes",IF(AND(C31>0,D31>0,E31>0),"Cumprida","Por cumprir"))))) -> Sem sprints concluídos
A32: ='Listas de apoio'!C6 -> m2 | B32: =IF('Listas de apoio'!A7="","",'Listas de apoio'!A7) -> Gonçalo Magalhães Ribeiro | C32: =IF(B32="","",COUNTIFS('Registo da Rotação'!$B$54:$B$162,A32,'Registo da Rotação'!$F$54:$F$162,B32,'Registo da Rotação'!$I$54:$I$162,"Sim")+COUNTIFS('Registo da Rotação'!$A$168:$A$217,A32,'Registo da Rotação'!$D$168:$D$217,"Executor",'Registo da Rotação'!$F$168:$F$217,B32,'Registo da Rotação'!$H$168:$H$217,"Sim")) -> 0 | D32: =IF(B32="","",COUNTIFS('Registo da Rotação'!$B$54:$B$162,A32,'Registo da Rotação'!$G$54:$G$162,B32,'Registo da Rotação'!$J$54:$J$162,"Sim")+COUNTIFS('Registo da Rotação'!$A$168:$A$217,A32,'Registo da Rotação'!$D$168:$D$217,"Revisor",'Registo da Rotação'!$F$168:$F$217,B32,'Registo da Rotação'!$H$168:$H$217,"Sim")) -> 0 | E32: =IF(B32="","",COUNTIFS('Registo da Rotação'!$B$54:$B$162,A32,'Registo da Rotação'!$H$54:$H$162,B32,'Registo da Rotação'!$K$54:$K$162,"Sim")+COUNTIFS('Registo da Rotação'!$A$168:$A$217,A32,'Registo da Rotação'!$D$168:$D$217,"Auditor",'Registo da Rotação'!$F$168:$F$217,B32,'Registo da Rotação'!$H$168:$H$217,"Sim")) -> 0 | F32: =IF(B32="","",COUNTIFS('Registo da Rotação'!$A$6:$A$25,A32,'Registo da Rotação'!$F$6:$F$25,B32,'Registo da Rotação'!$G$6:$G$25,"Sim")) -> 0 | G32: =IF(B32="","",IF(COUNTIFS('Registo da Rotação'!$A$6:$A$25,A32,'Registo da Rotação'!$D$6:$D$25,"Em curso")>0,"Em avaliação",IF(COUNTIFS('Registo da Rotação'!$A$6:$A$25,A32,'Registo da Rotação'!$D$6:$D$25,"Concluído")=0,"Sem sprints concluídos",IF(COUNTIF('Registo da Rotação'!$B$54:$B$162,A32)<$B$5,"Não aplicável — tarefas insuficientes",IF(AND(C32>0,D32>0,E32>0),"Cumprida","Por cumprir"))))) -> Sem sprints concluídos
A33: ='Listas de apoio'!C6 -> m2 | B33: =IF('Listas de apoio'!A8="","",'Listas de apoio'!A8) -> Ivan Cristiano Silva Mendes | C33: =IF(B33="","",COUNTIFS('Registo da Rotação'!$B$54:$B$162,A33,'Registo da Rotação'!$F$54:$F$162,B33,'Registo da Rotação'!$I$54:$I$162,"Sim")+COUNTIFS('Registo da Rotação'!$A$168:$A$217,A33,'Registo da Rotação'!$D$168:$D$217,"Executor",'Registo da Rotação'!$F$168:$F$217,B33,'Registo da Rotação'!$H$168:$H$217,"Sim")) -> 0 | D33: =IF(B33="","",COUNTIFS('Registo da Rotação'!$B$54:$B$162,A33,'Registo da Rotação'!$G$54:$G$162,B33,'Registo da Rotação'!$J$54:$J$162,"Sim")+COUNTIFS('Registo da Rotação'!$A$168:$A$217,A33,'Registo da Rotação'!$D$168:$D$217,"Revisor",'Registo da Rotação'!$F$168:$F$217,B33,'Registo da Rotação'!$H$168:$H$217,"Sim")) -> 0 | E33: =IF(B33="","",COUNTIFS('Registo da Rotação'!$B$54:$B$162,A33,'Registo da Rotação'!$H$54:$H$162,B33,'Registo da Rotação'!$K$54:$K$162,"Sim")+COUNTIFS('Registo da Rotação'!$A$168:$A$217,A33,'Registo da Rotação'!$D$168:$D$217,"Auditor",'Registo da Rotação'!$F$168:$F$217,B33,'Registo da Rotação'!$H$168:$H$217,"Sim")) -> 0 | F33: =IF(B33="","",COUNTIFS('Registo da Rotação'!$A$6:$A$25,A33,'Registo da Rotação'!$F$6:$F$25,B33,'Registo da Rotação'!$G$6:$G$25,"Sim")) -> 0 | G33: =IF(B33="","",IF(COUNTIFS('Registo da Rotação'!$A$6:$A$25,A33,'Registo da Rotação'!$D$6:$D$25,"Em curso")>0,"Em avaliação",IF(COUNTIFS('Registo da Rotação'!$A$6:$A$25,A33,'Registo da Rotação'!$D$6:$D$25,"Concluído")=0,"Sem sprints concluídos",IF(COUNTIF('Registo da Rotação'!$B$54:$B$162,A33)<$B$5,"Não aplicável — tarefas insuficientes",IF(AND(C33>0,D33>0,E33>0),"Cumprida","Por cumprir"))))) -> Sem sprints concluídos
A34: ='Listas de apoio'!C7 -> m3 | B34: =IF('Listas de apoio'!A5="","",'Listas de apoio'!A5) -> André Filipe Moreira Mesquita | C34: =IF(B34="","",COUNTIFS('Registo da Rotação'!$B$54:$B$162,A34,'Registo da Rotação'!$F$54:$F$162,B34,'Registo da Rotação'!$I$54:$I$162,"Sim")+COUNTIFS('Registo da Rotação'!$A$168:$A$217,A34,'Registo da Rotação'!$D$168:$D$217,"Executor",'Registo da Rotação'!$F$168:$F$217,B34,'Registo da Rotação'!$H$168:$H$217,"Sim")) -> 0 | D34: =IF(B34="","",COUNTIFS('Registo da Rotação'!$B$54:$B$162,A34,'Registo da Rotação'!$G$54:$G$162,B34,'Registo da Rotação'!$J$54:$J$162,"Sim")+COUNTIFS('Registo da Rotação'!$A$168:$A$217,A34,'Registo da Rotação'!$D$168:$D$217,"Revisor",'Registo da Rotação'!$F$168:$F$217,B34,'Registo da Rotação'!$H$168:$H$217,"Sim")) -> 0 | E34: =IF(B34="","",COUNTIFS('Registo da Rotação'!$B$54:$B$162,A34,'Registo da Rotação'!$H$54:$H$162,B34,'Registo da Rotação'!$K$54:$K$162,"Sim")+COUNTIFS('Registo da Rotação'!$A$168:$A$217,A34,'Registo da Rotação'!$D$168:$D$217,"Auditor",'Registo da Rotação'!$F$168:$F$217,B34,'Registo da Rotação'!$H$168:$H$217,"Sim")) -> 0 | F34: =IF(B34="","",COUNTIFS('Registo da Rotação'!$A$6:$A$25,A34,'Registo da Rotação'!$F$6:$F$25,B34,'Registo da Rotação'!$G$6:$G$25,"Sim")) -> 0 | G34: =IF(B34="","",IF(COUNTIFS('Registo da Rotação'!$A$6:$A$25,A34,'Registo da Rotação'!$D$6:$D$25,"Em curso")>0,"Em avaliação",IF(COUNTIFS('Registo da Rotação'!$A$6:$A$25,A34,'Registo da Rotação'!$D$6:$D$25,"Concluído")=0,"Sem sprints concluídos",IF(COUNTIF('Registo da Rotação'!$B$54:$B$162,A34)<$B$5,"Não aplicável — tarefas insuficientes",IF(AND(C34>0,D34>0,E34>0),"Cumprida","Por cumprir"))))) -> Sem sprints concluídos
A35: ='Listas de apoio'!C7 -> m3 | B35: =IF('Listas de apoio'!A6="","",'Listas de apoio'!A6) -> Gonçalo Dinis Magalhães Teixeira | C35: =IF(B35="","",COUNTIFS('Registo da Rotação'!$B$54:$B$162,A35,'Registo da Rotação'!$F$54:$F$162,B35,'Registo da Rotação'!$I$54:$I$162,"Sim")+COUNTIFS('Registo da Rotação'!$A$168:$A$217,A35,'Registo da Rotação'!$D$168:$D$217,"Executor",'Registo da Rotação'!$F$168:$F$217,B35,'Registo da Rotação'!$H$168:$H$217,"Sim")) -> 0 | D35: =IF(B35="","",COUNTIFS('Registo da Rotação'!$B$54:$B$162,A35,'Registo da Rotação'!$G$54:$G$162,B35,'Registo da Rotação'!$J$54:$J$162,"Sim")+COUNTIFS('Registo da Rotação'!$A$168:$A$217,A35,'Registo da Rotação'!$D$168:$D$217,"Revisor",'Registo da Rotação'!$F$168:$F$217,B35,'Registo da Rotação'!$H$168:$H$217,"Sim")) -> 0 | E35: =IF(B35="","",COUNTIFS('Registo da Rotação'!$B$54:$B$162,A35,'Registo da Rotação'!$H$54:$H$162,B35,'Registo da Rotação'!$K$54:$K$162,"Sim")+COUNTIFS('Registo da Rotação'!$A$168:$A$217,A35,'Registo da Rotação'!$D$168:$D$217,"Auditor",'Registo da Rotação'!$F$168:$F$217,B35,'Registo da Rotação'!$H$168:$H$217,"Sim")) -> 0 | F35: =IF(B35="","",COUNTIFS('Registo da Rotação'!$A$6:$A$25,A35,'Registo da Rotação'!$F$6:$F$25,B35,'Registo da Rotação'!$G$6:$G$25,"Sim")) -> 0 | G35: =IF(B35="","",IF(COUNTIFS('Registo da Rotação'!$A$6:$A$25,A35,'Registo da Rotação'!$D$6:$D$25,"Em curso")>0,"Em avaliação",IF(COUNTIFS('Registo da Rotação'!$A$6:$A$25,A35,'Registo da Rotação'!$D$6:$D$25,"Concluído")=0,"Sem sprints concluídos",IF(COUNTIF('Registo da Rotação'!$B$54:$B$162,A35)<$B$5,"Não aplicável — tarefas insuficientes",IF(AND(C35>0,D35>0,E35>0),"Cumprida","Por cumprir"))))) -> Sem sprints concluídos
A36: ='Listas de apoio'!C7 -> m3 | B36: =IF('Listas de apoio'!A7="","",'Listas de apoio'!A7) -> Gonçalo Magalhães Ribeiro | C36: =IF(B36="","",COUNTIFS('Registo da Rotação'!$B$54:$B$162,A36,'Registo da Rotação'!$F$54:$F$162,B36,'Registo da Rotação'!$I$54:$I$162,"Sim")+COUNTIFS('Registo da Rotação'!$A$168:$A$217,A36,'Registo da Rotação'!$D$168:$D$217,"Executor",'Registo da Rotação'!$F$168:$F$217,B36,'Registo da Rotação'!$H$168:$H$217,"Sim")) -> 0 | D36: =IF(B36="","",COUNTIFS('Registo da Rotação'!$B$54:$B$162,A36,'Registo da Rotação'!$G$54:$G$162,B36,'Registo da Rotação'!$J$54:$J$162,"Sim")+COUNTIFS('Registo da Rotação'!$A$168:$A$217,A36,'Registo da Rotação'!$D$168:$D$217,"Revisor",'Registo da Rotação'!$F$168:$F$217,B36,'Registo da Rotação'!$H$168:$H$217,"Sim")) -> 0 | E36: =IF(B36="","",COUNTIFS('Registo da Rotação'!$B$54:$B$162,A36,'Registo da Rotação'!$H$54:$H$162,B36,'Registo da Rotação'!$K$54:$K$162,"Sim")+COUNTIFS('Registo da Rotação'!$A$168:$A$217,A36,'Registo da Rotação'!$D$168:$D$217,"Auditor",'Registo da Rotação'!$F$168:$F$217,B36,'Registo da Rotação'!$H$168:$H$217,"Sim")) -> 0 | F36: =IF(B36="","",COUNTIFS('Registo da Rotação'!$A$6:$A$25,A36,'Registo da Rotação'!$F$6:$F$25,B36,'Registo da Rotação'!$G$6:$G$25,"Sim")) -> 0 | G36: =IF(B36="","",IF(COUNTIFS('Registo da Rotação'!$A$6:$A$25,A36,'Registo da Rotação'!$D$6:$D$25,"Em curso")>0,"Em avaliação",IF(COUNTIFS('Registo da Rotação'!$A$6:$A$25,A36,'Registo da Rotação'!$D$6:$D$25,"Concluído")=0,"Sem sprints concluídos",IF(COUNTIF('Registo da Rotação'!$B$54:$B$162,A36)<$B$5,"Não aplicável — tarefas insuficientes",IF(AND(C36>0,D36>0,E36>0),"Cumprida","Por cumprir"))))) -> Sem sprints concluídos
A37: ='Listas de apoio'!C7 -> m3 | B37: =IF('Listas de apoio'!A8="","",'Listas de apoio'!A8) -> Ivan Cristiano Silva Mendes | C37: =IF(B37="","",COUNTIFS('Registo da Rotação'!$B$54:$B$162,A37,'Registo da Rotação'!$F$54:$F$162,B37,'Registo da Rotação'!$I$54:$I$162,"Sim")+COUNTIFS('Registo da Rotação'!$A$168:$A$217,A37,'Registo da Rotação'!$D$168:$D$217,"Executor",'Registo da Rotação'!$F$168:$F$217,B37,'Registo da Rotação'!$H$168:$H$217,"Sim")) -> 0 | D37: =IF(B37="","",COUNTIFS('Registo da Rotação'!$B$54:$B$162,A37,'Registo da Rotação'!$G$54:$G$162,B37,'Registo da Rotação'!$J$54:$J$162,"Sim")+COUNTIFS('Registo da Rotação'!$A$168:$A$217,A37,'Registo da Rotação'!$D$168:$D$217,"Revisor",'Registo da Rotação'!$F$168:$F$217,B37,'Registo da Rotação'!$H$168:$H$217,"Sim")) -> 0 | E37: =IF(B37="","",COUNTIFS('Registo da Rotação'!$B$54:$B$162,A37,'Registo da Rotação'!$H$54:$H$162,B37,'Registo da Rotação'!$K$54:$K$162,"Sim")+COUNTIFS('Registo da Rotação'!$A$168:$A$217,A37,'Registo da Rotação'!$D$168:$D$217,"Auditor",'Registo da Rotação'!$F$168:$F$217,B37,'Registo da Rotação'!$H$168:$H$217,"Sim")) -> 0 | F37: =IF(B37="","",COUNTIFS('Registo da Rotação'!$A$6:$A$25,A37,'Registo da Rotação'!$F$6:$F$25,B37,'Registo da Rotação'!$G$6:$G$25,"Sim")) -> 0 | G37: =IF(B37="","",IF(COUNTIFS('Registo da Rotação'!$A$6:$A$25,A37,'Registo da Rotação'!$D$6:$D$25,"Em curso")>0,"Em avaliação",IF(COUNTIFS('Registo da Rotação'!$A$6:$A$25,A37,'Registo da Rotação'!$D$6:$D$25,"Concluído")=0,"Sem sprints concluídos",IF(COUNTIF('Registo da Rotação'!$B$54:$B$162,A37)<$B$5,"Não aplicável — tarefas insuficientes",IF(AND(C37>0,D37>0,E37>0),"Cumprida","Por cumprir"))))) -> Sem sprints concluídos
A38: ='Listas de apoio'!C8 -> m4 | B38: =IF('Listas de apoio'!A5="","",'Listas de apoio'!A5) -> André Filipe Moreira Mesquita | C38: =IF(B38="","",COUNTIFS('Registo da Rotação'!$B$54:$B$162,A38,'Registo da Rotação'!$F$54:$F$162,B38,'Registo da Rotação'!$I$54:$I$162,"Sim")+COUNTIFS('Registo da Rotação'!$A$168:$A$217,A38,'Registo da Rotação'!$D$168:$D$217,"Executor",'Registo da Rotação'!$F$168:$F$217,B38,'Registo da Rotação'!$H$168:$H$217,"Sim")) -> 0 | D38: =IF(B38="","",COUNTIFS('Registo da Rotação'!$B$54:$B$162,A38,'Registo da Rotação'!$G$54:$G$162,B38,'Registo da Rotação'!$J$54:$J$162,"Sim")+COUNTIFS('Registo da Rotação'!$A$168:$A$217,A38,'Registo da Rotação'!$D$168:$D$217,"Revisor",'Registo da Rotação'!$F$168:$F$217,B38,'Registo da Rotação'!$H$168:$H$217,"Sim")) -> 0 | E38: =IF(B38="","",COUNTIFS('Registo da Rotação'!$B$54:$B$162,A38,'Registo da Rotação'!$H$54:$H$162,B38,'Registo da Rotação'!$K$54:$K$162,"Sim")+COUNTIFS('Registo da Rotação'!$A$168:$A$217,A38,'Registo da Rotação'!$D$168:$D$217,"Auditor",'Registo da Rotação'!$F$168:$F$217,B38,'Registo da Rotação'!$H$168:$H$217,"Sim")) -> 0 | F38: =IF(B38="","",COUNTIFS('Registo da Rotação'!$A$6:$A$25,A38,'Registo da Rotação'!$F$6:$F$25,B38,'Registo da Rotação'!$G$6:$G$25,"Sim")) -> 0 | G38: =IF(B38="","",IF(COUNTIFS('Registo da Rotação'!$A$6:$A$25,A38,'Registo da Rotação'!$D$6:$D$25,"Em curso")>0,"Em avaliação",IF(COUNTIFS('Registo da Rotação'!$A$6:$A$25,A38,'Registo da Rotação'!$D$6:$D$25,"Concluído")=0,"Sem sprints concluídos",IF(COUNTIF('Registo da Rotação'!$B$54:$B$162,A38)<$B$5,"Não aplicável — tarefas insuficientes",IF(AND(C38>0,D38>0,E38>0),"Cumprida","Por cumprir"))))) -> Sem sprints concluídos
A39: ='Listas de apoio'!C8 -> m4 | B39: =IF('Listas de apoio'!A6="","",'Listas de apoio'!A6) -> Gonçalo Dinis Magalhães Teixeira | C39: =IF(B39="","",COUNTIFS('Registo da Rotação'!$B$54:$B$162,A39,'Registo da Rotação'!$F$54:$F$162,B39,'Registo da Rotação'!$I$54:$I$162,"Sim")+COUNTIFS('Registo da Rotação'!$A$168:$A$217,A39,'Registo da Rotação'!$D$168:$D$217,"Executor",'Registo da Rotação'!$F$168:$F$217,B39,'Registo da Rotação'!$H$168:$H$217,"Sim")) -> 0 | D39: =IF(B39="","",COUNTIFS('Registo da Rotação'!$B$54:$B$162,A39,'Registo da Rotação'!$G$54:$G$162,B39,'Registo da Rotação'!$J$54:$J$162,"Sim")+COUNTIFS('Registo da Rotação'!$A$168:$A$217,A39,'Registo da Rotação'!$D$168:$D$217,"Revisor",'Registo da Rotação'!$F$168:$F$217,B39,'Registo da Rotação'!$H$168:$H$217,"Sim")) -> 0 | E39: =IF(B39="","",COUNTIFS('Registo da Rotação'!$B$54:$B$162,A39,'Registo da Rotação'!$H$54:$H$162,B39,'Registo da Rotação'!$K$54:$K$162,"Sim")+COUNTIFS('Registo da Rotação'!$A$168:$A$217,A39,'Registo da Rotação'!$D$168:$D$217,"Auditor",'Registo da Rotação'!$F$168:$F$217,B39,'Registo da Rotação'!$H$168:$H$217,"Sim")) -> 0 | F39: =IF(B39="","",COUNTIFS('Registo da Rotação'!$A$6:$A$25,A39,'Registo da Rotação'!$F$6:$F$25,B39,'Registo da Rotação'!$G$6:$G$25,"Sim")) -> 0 | G39: =IF(B39="","",IF(COUNTIFS('Registo da Rotação'!$A$6:$A$25,A39,'Registo da Rotação'!$D$6:$D$25,"Em curso")>0,"Em avaliação",IF(COUNTIFS('Registo da Rotação'!$A$6:$A$25,A39,'Registo da Rotação'!$D$6:$D$25,"Concluído")=0,"Sem sprints concluídos",IF(COUNTIF('Registo da Rotação'!$B$54:$B$162,A39)<$B$5,"Não aplicável — tarefas insuficientes",IF(AND(C39>0,D39>0,E39>0),"Cumprida","Por cumprir"))))) -> Sem sprints concluídos
A40: ='Listas de apoio'!C8 -> m4 | B40: =IF('Listas de apoio'!A7="","",'Listas de apoio'!A7) -> Gonçalo Magalhães Ribeiro | C40: =IF(B40="","",COUNTIFS('Registo da Rotação'!$B$54:$B$162,A40,'Registo da Rotação'!$F$54:$F$162,B40,'Registo da Rotação'!$I$54:$I$162,"Sim")+COUNTIFS('Registo da Rotação'!$A$168:$A$217,A40,'Registo da Rotação'!$D$168:$D$217,"Executor",'Registo da Rotação'!$F$168:$F$217,B40,'Registo da Rotação'!$H$168:$H$217,"Sim")) -> 0 | D40: =IF(B40="","",COUNTIFS('Registo da Rotação'!$B$54:$B$162,A40,'Registo da Rotação'!$G$54:$G$162,B40,'Registo da Rotação'!$J$54:$J$162,"Sim")+COUNTIFS('Registo da Rotação'!$A$168:$A$217,A40,'Registo da Rotação'!$D$168:$D$217,"Revisor",'Registo da Rotação'!$F$168:$F$217,B40,'Registo da Rotação'!$H$168:$H$217,"Sim")) -> 0 | E40: =IF(B40="","",COUNTIFS('Registo da Rotação'!$B$54:$B$162,A40,'Registo da Rotação'!$H$54:$H$162,B40,'Registo da Rotação'!$K$54:$K$162,"Sim")+COUNTIFS('Registo da Rotação'!$A$168:$A$217,A40,'Registo da Rotação'!$D$168:$D$217,"Auditor",'Registo da Rotação'!$F$168:$F$217,B40,'Registo da Rotação'!$H$168:$H$217,"Sim")) -> 0 | F40: =IF(B40="","",COUNTIFS('Registo da Rotação'!$A$6:$A$25,A40,'Registo da Rotação'!$F$6:$F$25,B40,'Registo da Rotação'!$G$6:$G$25,"Sim")) -> 0 | G40: =IF(B40="","",IF(COUNTIFS('Registo da Rotação'!$A$6:$A$25,A40,'Registo da Rotação'!$D$6:$D$25,"Em curso")>0,"Em avaliação",IF(COUNTIFS('Registo da Rotação'!$A$6:$A$25,A40,'Registo da Rotação'!$D$6:$D$25,"Concluído")=0,"Sem sprints concluídos",IF(COUNTIF('Registo da Rotação'!$B$54:$B$162,A40)<$B$5,"Não aplicável — tarefas insuficientes",IF(AND(C40>0,D40>0,E40>0),"Cumprida","Por cumprir"))))) -> Sem sprints concluídos
A41: ='Listas de apoio'!C8 -> m4 | B41: =IF('Listas de apoio'!A8="","",'Listas de apoio'!A8) -> Ivan Cristiano Silva Mendes | C41: =IF(B41="","",COUNTIFS('Registo da Rotação'!$B$54:$B$162,A41,'Registo da Rotação'!$F$54:$F$162,B41,'Registo da Rotação'!$I$54:$I$162,"Sim")+COUNTIFS('Registo da Rotação'!$A$168:$A$217,A41,'Registo da Rotação'!$D$168:$D$217,"Executor",'Registo da Rotação'!$F$168:$F$217,B41,'Registo da Rotação'!$H$168:$H$217,"Sim")) -> 0 | D41: =IF(B41="","",COUNTIFS('Registo da Rotação'!$B$54:$B$162,A41,'Registo da Rotação'!$G$54:$G$162,B41,'Registo da Rotação'!$J$54:$J$162,"Sim")+COUNTIFS('Registo da Rotação'!$A$168:$A$217,A41,'Registo da Rotação'!$D$168:$D$217,"Revisor",'Registo da Rotação'!$F$168:$F$217,B41,'Registo da Rotação'!$H$168:$H$217,"Sim")) -> 0 | E41: =IF(B41="","",COUNTIFS('Registo da Rotação'!$B$54:$B$162,A41,'Registo da Rotação'!$H$54:$H$162,B41,'Registo da Rotação'!$K$54:$K$162,"Sim")+COUNTIFS('Registo da Rotação'!$A$168:$A$217,A41,'Registo da Rotação'!$D$168:$D$217,"Auditor",'Registo da Rotação'!$F$168:$F$217,B41,'Registo da Rotação'!$H$168:$H$217,"Sim")) -> 0 | F41: =IF(B41="","",COUNTIFS('Registo da Rotação'!$A$6:$A$25,A41,'Registo da Rotação'!$F$6:$F$25,B41,'Registo da Rotação'!$G$6:$G$25,"Sim")) -> 0 | G41: =IF(B41="","",IF(COUNTIFS('Registo da Rotação'!$A$6:$A$25,A41,'Registo da Rotação'!$D$6:$D$25,"Em curso")>0,"Em avaliação",IF(COUNTIFS('Registo da Rotação'!$A$6:$A$25,A41,'Registo da Rotação'!$D$6:$D$25,"Concluído")=0,"Sem sprints concluídos",IF(COUNTIF('Registo da Rotação'!$B$54:$B$162,A41)<$B$5,"Não aplicável — tarefas insuficientes",IF(AND(C41>0,D41>0,E41>0),"Cumprida","Por cumprir"))))) -> Sem sprints concluídos

Sheet Registo da Rotação
A1: REGISTO DA ROTAÇÃO | B1: REGISTO DA ROTAÇÃO | C1: REGISTO DA ROTAÇÃO | D1: REGISTO DA ROTAÇÃO | E1: REGISTO DA ROTAÇÃO | F1: REGISTO DA ROTAÇÃO | G1: REGISTO DA ROTAÇÃO | H1: REGISTO DA ROTAÇÃO | I1: REGISTO DA ROTAÇÃO | J1: REGISTO DA ROTAÇÃO | K1: REGISTO DA ROTAÇÃO | L1: REGISTO DA ROTAÇÃO | M1: REGISTO DA ROTAÇÃO | N1: REGISTO DA ROTAÇÃO | O1: REGISTO DA ROTAÇÃO | P1: REGISTO DA ROTAÇÃO | Q1: REGISTO DA ROTAÇÃO | R1: REGISTO DA ROTAÇÃO
A2: PREENCHIMENTO PRINCIPAL — substitua todos os exemplos. Registe as atribuições iniciais a partir do Sprint Backlog vigente e confirme o desempenho através do Mapa de Pontuação Individual apreciado no Sprint Review. Células amarelas são editáveis; células azuis são calculadas. | B2: PREENCHIMENTO PRINCIPAL — substitua todos os exemplos. Registe as atribuições iniciais a partir do Sprint Backlog vigente e confirme o desempenho através do Mapa de Pontuação Individual apreciado no Sprint Review. Células amarelas são editáveis; células azuis são calculadas. | C2: PREENCHIMENTO PRINCIPAL — substitua todos os exemplos. Registe as atribuições iniciais a partir do Sprint Backlog vigente e confirme o desempenho através do Mapa de Pontuação Individual apreciado no Sprint Review. Células amarelas são editáveis; células azuis são calculadas. | D2: PREENCHIMENTO PRINCIPAL — substitua todos os exemplos. Registe as atribuições iniciais a partir do Sprint Backlog vigente e confirme o desempenho através do Mapa de Pontuação Individual apreciado no Sprint Review. Células amarelas são editáveis; células azuis são calculadas. | E2: PREENCHIMENTO PRINCIPAL — substitua todos os exemplos. Registe as atribuições iniciais a partir do Sprint Backlog vigente e confirme o desempenho através do Mapa de Pontuação Individual apreciado no Sprint Review. Células amarelas são editáveis; células azuis são calculadas. | F2: PREENCHIMENTO PRINCIPAL — substitua todos os exemplos. Registe as atribuições iniciais a partir do Sprint Backlog vigente e confirme o desempenho através do Mapa de Pontuação Individual apreciado no Sprint Review. Células amarelas são editáveis; células azuis são calculadas. | G2: PREENCHIMENTO PRINCIPAL — substitua todos os exemplos. Registe as atribuições iniciais a partir do Sprint Backlog vigente e confirme o desempenho através do Mapa de Pontuação Individual apreciado no Sprint Review. Células amarelas são editáveis; células azuis são calculadas. | H2: PREENCHIMENTO PRINCIPAL — substitua todos os exemplos. Registe as atribuições iniciais a partir do Sprint Backlog vigente e confirme o desempenho através do Mapa de Pontuação Individual apreciado no Sprint Review. Células amarelas são editáveis; células azuis são calculadas. | I2: PREENCHIMENTO PRINCIPAL — substitua todos os exemplos. Registe as atribuições iniciais a partir do Sprint Backlog vigente e confirme o desempenho através do Mapa de Pontuação Individual apreciado no Sprint Review. Células amarelas são editáveis; células azuis são calculadas. | J2: PREENCHIMENTO PRINCIPAL — substitua todos os exemplos. Registe as atribuições iniciais a partir do Sprint Backlog vigente e confirme o desempenho através do Mapa de Pontuação Individual apreciado no Sprint Review. Células amarelas são editáveis; células azuis são calculadas. | K2: PREENCHIMENTO PRINCIPAL — substitua todos os exemplos. Registe as atribuições iniciais a partir do Sprint Backlog vigente e confirme o desempenho através do Mapa de Pontuação Individual apreciado no Sprint Review. Células amarelas são editáveis; células azuis são calculadas. | L2: PREENCHIMENTO PRINCIPAL — substitua todos os exemplos. Registe as atribuições iniciais a partir do Sprint Backlog vigente e confirme o desempenho através do Mapa de Pontuação Individual apreciado no Sprint Review. Células amarelas são editáveis; células azuis são calculadas. | M2: PREENCHIMENTO PRINCIPAL — substitua todos os exemplos. Registe as atribuições iniciais a partir do Sprint Backlog vigente e confirme o desempenho através do Mapa de Pontuação Individual apreciado no Sprint Review. Células amarelas são editáveis; células azuis são calculadas. | N2: PREENCHIMENTO PRINCIPAL — substitua todos os exemplos. Registe as atribuições iniciais a partir do Sprint Backlog vigente e confirme o desempenho através do Mapa de Pontuação Individual apreciado no Sprint Review. Células amarelas são editáveis; células azuis são calculadas. | O2: PREENCHIMENTO PRINCIPAL — substitua todos os exemplos. Registe as atribuições iniciais a partir do Sprint Backlog vigente e confirme o desempenho através do Mapa de Pontuação Individual apreciado no Sprint Review. Células amarelas são editáveis; células azuis são calculadas. | P2: PREENCHIMENTO PRINCIPAL — substitua todos os exemplos. Registe as atribuições iniciais a partir do Sprint Backlog vigente e confirme o desempenho através do Mapa de Pontuação Individual apreciado no Sprint Review. Células amarelas são editáveis; células azuis são calculadas. | Q2: PREENCHIMENTO PRINCIPAL — substitua todos os exemplos. Registe as atribuições iniciais a partir do Sprint Backlog vigente e confirme o desempenho através do Mapa de Pontuação Individual apreciado no Sprint Review. Células amarelas são editáveis; células azuis são calculadas. | R2: PREENCHIMENTO PRINCIPAL — substitua todos os exemplos. Registe as atribuições iniciais a partir do Sprint Backlog vigente e confirme o desempenho através do Mapa de Pontuação Individual apreciado no Sprint Review. Células amarelas são editáveis; células azuis são calculadas.
A4: SPRINTS, LIDERANÇA E SECRETARIADO | B4: SPRINTS, LIDERANÇA E SECRETARIADO | C4: SPRINTS, LIDERANÇA E SECRETARIADO | D4: SPRINTS, LIDERANÇA E SECRETARIADO | E4: SPRINTS, LIDERANÇA E SECRETARIADO | F4: SPRINTS, LIDERANÇA E SECRETARIADO | G4: SPRINTS, LIDERANÇA E SECRETARIADO
A5: Milestone de Entrega | B5: Ordem do Sprint | C5: Sprint | D5: Situação | E5: Líder | F5: Secretário designado | G5: Secretariado efetivamente desempenhado
A6: m1 | B6: 1 | C6: S01 | D6: Concluído | E6: Ivan Cristiano Silva Mendes | F6: Gonçalo Dinis Magalhães Teixeira | G6: Sim
A27: FONTES DOCUMENTAIS POR SPRINT | B27: FONTES DOCUMENTAIS POR SPRINT | C27: FONTES DOCUMENTAIS POR SPRINT | D27: FONTES DOCUMENTAIS POR SPRINT | E27: FONTES DOCUMENTAIS POR SPRINT | F27: FONTES DOCUMENTAIS POR SPRINT | G27: FONTES DOCUMENTAIS POR SPRINT | H27: FONTES DOCUMENTAIS POR SPRINT | I27: FONTES DOCUMENTAIS POR SPRINT | J27: FONTES DOCUMENTAIS POR SPRINT | K27: FONTES DOCUMENTAIS POR SPRINT | L27: FONTES DOCUMENTAIS POR SPRINT | M27: FONTES DOCUMENTAIS POR SPRINT | N27: FONTES DOCUMENTAIS POR SPRINT | O27: FONTES DOCUMENTAIS POR SPRINT | P27: FONTES DOCUMENTAIS POR SPRINT | Q27: FONTES DOCUMENTAIS POR SPRINT | R27: FONTES DOCUMENTAIS POR SPRINT
A28: Sprint | B28: Situação | C28: Sprint Backlog vigente — versão editável (XLS/XLSX) | G28: Sprint Backlog vigente — PDF assinado | K28: Mapa de Pontuação Individual — versão editável (XLS/XLSX) | O28: Mapa de Pontuação Individual — PDF assinado
A29: S01 | C29: /projeto/01-artefactos-de-gestao/01.04-backlog-de-projeto/m1-s01-sprint-backlog-v01.xlsx | G29: /projeto/01-artefactos-de-gestao/01.04-backlog-de-projeto/m1-s01-sprint-backlog-v01.pdf | K29: /projeto/01-artefactos-de-gestao/01.06-avaliacao-interna-do-grupo/m1-s01-mapa-pontuacao-individual-v01.xlsx | O29: /projeto/01-artefactos-de-gestao/01.06-avaliacao-interna-do-grupo/m1-s01-mapa-pontuacao-individual-v01.pdf
B32: =IF(A32="","",IFERROR(VLOOKUP(A32,$C$6:$D$25,2,FALSE),"Sprint não registado"))
B33: =IF(A33="","",IFERROR(VLOOKUP(A33,$C$6:$D$25,2,FALSE),"Sprint não registado"))
B34: =IF(A34="","",IFERROR(VLOOKUP(A34,$C$6:$D$25,2,FALSE),"Sprint não registado"))
B35: =IF(A35="","",IFERROR(VLOOKUP(A35,$C$6:$D$25,2,FALSE),"Sprint não registado"))
B36: =IF(A36="","",IFERROR(VLOOKUP(A36,$C$6:$D$25,2,FALSE),"Sprint não registado"))
B37: =IF(A37="","",IFERROR(VLOOKUP(A37,$C$6:$D$25,2,FALSE),"Sprint não registado"))
B38: =IF(A38="","",IFERROR(VLOOKUP(A38,$C$6:$D$25,2,FALSE),"Sprint não registado"))
B39: =IF(A39="","",IFERROR(VLOOKUP(A39,$C$6:$D$25,2,FALSE),"Sprint não registado"))
B40: =IF(A40="","",IFERROR(VLOOKUP(A40,$C$6:$D$25,2,FALSE),"Sprint não registado"))
B41: =IF(A41="","",IFERROR(VLOOKUP(A41,$C$6:$D$25,2,FALSE),"Sprint não registado"))
B42: =IF(A42="","",IFERROR(VLOOKUP(A42,$C$6:$D$25,2,FALSE),"Sprint não registado"))
B43: =IF(A43="","",IFERROR(VLOOKUP(A43,$C$6:$D$25,2,FALSE),"Sprint não registado"))
... B48: =IF(A48="","",IFERROR(VLOOKUP(A48,$C$6:$D$25,2,FALSE),"Sprint não registado"))
A51: ATRIBUIÇÕES INICIAIS DAS TAREFAS | B51: ATRIBUIÇÕES INICIAIS DAS TAREFAS | C51: ATRIBUIÇÕES INICIAIS DAS TAREFAS | D51: ATRIBUIÇÕES INICIAIS DAS TAREFAS | E51: ATRIBUIÇÕES INICIAIS DAS TAREFAS | F51: ATRIBUIÇÕES INICIAIS DAS TAREFAS | G51: ATRIBUIÇÕES INICIAIS DAS TAREFAS | H51: ATRIBUIÇÕES INICIAIS DAS TAREFAS | I51: ATRIBUIÇÕES INICIAIS DAS TAREFAS | J51: ATRIBUIÇÕES INICIAIS DAS TAREFAS | K51: ATRIBUIÇÕES INICIAIS DAS TAREFAS
A52: Registe cada tarefa uma única vez, pela ordem cronológica da atribuição formal. A sequência permite verificar as combinações usadas para o mesmo Executor. As confirmações só ficam definitivas depois do Sprint Review. | B52: Registe cada tarefa uma única vez, pela ordem cronológica da atribuição formal. A sequência permite verificar as combinações usadas para o mesmo Executor. As confirmações só ficam definitivas depois do Sprint Review. | C52: Registe cada tarefa uma única vez, pela ordem cronológica da atribuição formal. A sequência permite verificar as combinações usadas para o mesmo Executor. As confirmações só ficam definitivas depois do Sprint Review. | D52: Registe cada tarefa uma única vez, pela ordem cronológica da atribuição formal. A sequência permite verificar as combinações usadas para o mesmo Executor. As confirmações só ficam definitivas depois do Sprint Review. | E52: Registe cada tarefa uma única vez, pela ordem cronológica da atribuição formal. A sequência permite verificar as combinações usadas para o mesmo Executor. As confirmações só ficam definitivas depois do Sprint Review. | F52: Registe cada tarefa uma única vez, pela ordem cronológica da atribuição formal. A sequência permite verificar as combinações usadas para o mesmo Executor. As confirmações só ficam definitivas depois do Sprint Review. | G52: Registe cada tarefa uma única vez, pela ordem cronológica da atribuição formal. A sequência permite verificar as combinações usadas para o mesmo Executor. As confirmações só ficam definitivas depois do Sprint Review. | H52: Registe cada tarefa uma única vez, pela ordem cronológica da atribuição formal. A sequência permite verificar as combinações usadas para o mesmo Executor. As confirmações só ficam definitivas depois do Sprint Review. | I52: Registe cada tarefa uma única vez, pela ordem cronológica da atribuição formal. A sequência permite verificar as combinações usadas para o mesmo Executor. As confirmações só ficam definitivas depois do Sprint Review. | J52: Registe cada tarefa uma única vez, pela ordem cronológica da atribuição formal. A sequência permite verificar as combinações usadas para o mesmo Executor. As confirmações só ficam definitivas depois do Sprint Review. | K52: Registe cada tarefa uma única vez, pela ordem cronológica da atribuição formal. A sequência permite verificar as combinações usadas para o mesmo Executor. As confirmações só ficam definitivas depois do Sprint Review.
A53: Sequência | B53: Milestone de Entrega | C53: Sprint | D53: Issue | E53: Tarefa | F53: Executor inicial | G53: Revisor inicial | H53: Auditor inicial | I53: Execução confirmada | J53: Revisão confirmada | K53: Auditoria confirmada
A54: 1 | B54: m1 | C54: S01 | D54: I001 | E54: Elaborar Proposta de Sistema | F54: Gonçalo Magalhães Ribeiro | G54: Ivan Cristiano Silva Mendes | H54: Ivan Cristiano Silva Mendes | I54: Sim | J54: Sim | K54: Sim
A55: 2 | B55: m1 | C55: S01 | D55: I002 | E55: Elaborar Declaraçao de Âmbito | F55: André Filipe Moreira Mesquita | G55: Ivan Cristiano Silva Mendes | H55: Ivan Cristiano Silva Mendes | I55: Sim | J55: Sim | K55: Sim
A56: 3 | B56: m1 | C56: S01 | D56: I003 | E56: Preparar CCA | F56: Ivan Cristiano Silva Mendes | G56: Gonçalo Magalhães Ribeiro | H56: Gonçalo Dinis Magalhães Teixeira | I56: Sim | J56: Sim | K56: Sim
A57: 4 | B57: m1 | C57: S01 | D57: I004 | E57: Obter e arquivar homologação PS/DA/CCA | F57: Ivan Cristiano Silva Mendes | G57: André Filipe Moreira Mesquita | H57: Gonçalo Magalhães Ribeiro | I57: Sim | J57: Sim | K57: Sim
A58: 5 | B58: m1 | C58: S01 | D58: I005 | E58: Elaborar Regulamento Interno | F58: Ivan Cristiano Silva Mendes | G58: Gonçalo Magalhães Ribeiro | H58: André Filipe Moreira Mesquita | I58: Sim | J58: Sim | K58: Sim
A59: 6 | B59: m1 | C59: S01 | D59: I006 | E59: Elaborar Plano de Qualidade | F59: André Filipe Moreira Mesquita | G59: Ivan Cristiano Silva Mendes | H59: Ivan Cristiano Silva Mendes | I59: Sim | J59: Sim | K59: Sim
A60: 7 | B60: m1 | C60: S01 | D60: I007 | E60: Elaborar Definition of Ready | F60: Gonçalo Dinis Magalhães Teixeira | G60: Ivan Cristiano Silva Mendes | H60: Ivan Cristiano Silva Mendes | I60: Sim | J60: Sim | K60: Sim
A61: 8 | B61: m1 | C61: S01 | D61: I008 | E61: Elaborar Definition of Done | F61: Gonçalo Dinis Magalhães Teixeira | G61: Ivan Cristiano Silva Mendes | H61: Ivan Cristiano Silva Mendes | I61: Sim | J61: Sim | K61: Sim
A62: 9 | B62: m1 | C62: S01 | D62: I009 | E62: Definir Critérios de Qualidade dos Requisitos | F62: Gonçalo Magalhães Ribeiro | G62: André Filipe Moreira Mesquita | H62: Gonçalo Dinis Magalhães Teixeira | I62: Sim | J62: Sim | K62: Sim
A63: 10 | B63: m1 | C63: S01 | D63: I010 | E63: Preparar Grelha de Rotação de Papéis | F63: Ivan Cristiano Silva Mendes | G63: André Filipe Moreira Mesquita | H63: Gonçalo Magalhães Ribeiro | I63: Sim | J63: Sim | K63: Sim
A165: PARTICIPAÇÕES RESULTANTES DE TRANSFERÊNCIAS
A166: Uma transferência não altera a atribuição inicial. O novo responsável só conta como tendo desempenhado o papel quando existir confirmação sustentada pelas evidências e pelo Mapa de Pontuação Individual aprovado.
A167: Milestone de Entrega | B167: Sprint | C167: Issue | D167: Papel transferido | E167: Cedente | F167: Novo responsável | G167: Referência da transferência | H167: Desempenho confirmado

Sheet Validação
A1: VALIDAÇÃO DA GRELHA DE ROTAÇÃO DE PAPÉIS | B1: VALIDAÇÃO DA GRELHA DE ROTAÇÃO DE PAPÉIS | C1: VALIDAÇÃO DA GRELHA DE ROTAÇÃO DE PAPÉIS | D1: VALIDAÇÃO DA GRELHA DE ROTAÇÃO DE PAPÉIS
A2: Esta folha deteta faltas e incoerências básicas. Um resultado «OK» não substitui a verificação das evidências, a aprovação formal das reuniões nem a apreciação do docente. | B2: Esta folha deteta faltas e incoerências básicas. Um resultado «OK» não substitui a verificação das evidências, a aprovação formal das reuniões nem a apreciação do docente. | C2: Esta folha deteta faltas e incoerências básicas. Um resultado «OK» não substitui a verificação das evidências, a aprovação formal das reuniões nem a apreciação do docente. | D2: Esta folha deteta faltas e incoerências básicas. Um resultado «OK» não substitui a verificação das evidências, a aprovação formal das reuniões nem a apreciação do docente.
A4: Verificação | B4: Resultado | C4: Estado | D4: Interpretação
A5: Sprints registados | B5: =COUNTIF('Registo da Rotação'!$C$6:$C$25,"<>") -> 1 | C5: Informação | D5: Número de Sprints incluídos no registo cumulativo.
A6: Tarefas com atribuições iniciais | B6: =COUNTIF('Registo da Rotação'!$D$54:$D$162,"<>") -> 10 | C6: Informação | D6: Número de tarefas transcritas dos Sprint Backlogs vigentes.
A7: Transferências registadas | B7: =COUNTIF('Registo da Rotação'!$C$168:$C$217,"<>") -> 0 | C7: Informação | D7: Número de participações adicionais resultantes de transferências formais.
A8: Campos obrigatórios vazios no quadro dos Sprints | B8: =SUMPRODUCT(--('Registo da Rotação'!$C$6:$C$25<>""),--(('Registo da Rotação'!$A$6:$A$25="")+('Registo da Rotação'!$B$6:$B$25="")+('Registo da Rotação'!$D$6:$D$25="")+('Registo da Rotação'!$E$6:$E$25="")+('Registo da Rotação'!$F$6:$F$25="")+('Registo da Rotação'!$G$6:$G$25="")>0)) -> 0 | C8: =IF(B8=0,"OK","Rever") -> OK | D8: Deve ser 0. Cada Sprint identifica milestone, ordem, situação, Líder, Secretário e confirmação do Secretariado.
A9: Sprints ou números de ordem repetidos | B9: =SUM('Listas de apoio'!AG5:AG24) -> 0 | C9: =IF(B9=0,"OK","Rever") -> OK | D9: Deve ser 0. Cada Sprint e cada número de ordem aparecem uma única vez.
A10: Sprints sem linha correspondente nas fontes documentais | B10: =SUM('Listas de apoio'!AE5:AE24) -> 0 | C10: =IF(B10=0,"OK","Rever") -> OK | D10: Deve ser 0. Cada Sprint registado deve possuir uma linha no quadro das fontes documentais.
A11: Fontes documentais associadas a Sprints que não constam do registo | B11: =COUNTIF('Registo da Rotação'!$B$29:$B$48,"Sprint não registado") -> 0 | C11: =IF(B11=0,"OK","Rever") -> OK | D11: Deve ser 0. Cada linha do quadro «Fontes documentais por Sprint» tem de identificar um Sprint previamente registado no quadro «Sprints, liderança e Secretariado». Um valor superior a 0 indica que existe pelo menos uma fonte documental associada a um Sprint que não foi registado.
A12: Sprints sem o Sprint Backlog editável (XLS/XLSX) e PDF assinado | B12: =SUMPRODUCT(--('Registo da Rotação'!$A$29:$A$48<>""),--((('Registo da Rotação'!$C$29:$C$48="")+('Registo da Rotação'!$G$29:$G$48=""))>0)) -> 0 | C12: =IF(B12=0,"OK","Rever") -> OK | D12: Deve ser 0. O Sprint Backlog vigente é obrigatório mesmo enquanto o Sprint está em curso.
A13: Sprints concluídos sem o Mapa de Pontuação Individual editável (XLS/XLSX) e PDF assinado | B13: =SUMPRODUCT(--('Registo da Rotação'!$A$29:$A$48<>""),--('Registo da Rotação'!$B$29:$B$48="Concluído"),--((('Registo da Rotação'!$K$29:$K$48="")+('Registo da Rotação'!$O$29:$O$48=""))>0)) -> 0 | C13: =IF(B13=0,"OK","Rever") -> OK | D13: Deve ser 0. Num Sprint concluído, o Mapa de Pontuação Individual comprova os desempenhos apreciados no Sprint Review.
A14: Referências ao Mapa de Pontuação Individual indicadas como Ainda não aplicável | B14: =COUNTIF('Registo da Rotação'!$K$29:$K$48,"Ainda não aplicável")+COUNTIF('Registo da Rotação'!$O$29:$O$48,"Ainda não aplicável") -> 0 | C14: Informação | D14: Pode ser superior a 0 apenas em Sprints ainda em curso. Esta indicação chama a atenção para fontes que terão de ser completadas depois do Sprint Review.
A15: Sprints concluídos que ainda apresentam fontes como Ainda não aplicável | B15: =SUM('Listas de apoio'!AF5:AF24) -> 0 | C15: =IF(B15=0,"OK","Rever") -> OK | D15: Deve ser 0. Depois do Sprint Review, substitua Ainda não aplicável pelos caminhos do ficheiro editável em formato XLS ou XLSX e do respetivo PDF assinado.
A16: Campos obrigatórios vazios nas atribuições iniciais | B16: =SUM('Listas de apoio'!O5:O104) -> 0 | C16: =IF(B16=0,"OK","Rever") -> OK | D16: Deve ser 0. Cada tarefa deve conter sequência, milestone, Sprint, Issue, designação, três responsáveis e três confirmações.
A17: Tarefas associadas a um Sprint não registado | B17: =SUM('Listas de apoio'!P5:P104) -> 0 | C17: =IF(B17=0,"OK","Rever") -> OK | D17: Deve ser 0. O Sprint de cada tarefa deve existir no primeiro quadro da folha Registo da Rotação.
A18: Tarefas em que o mesmo aluno acumula mais de um papel | B18: =SUM('Listas de apoio'!Q5:Q104) -> 5 | C18: =IF(B18=0,"OK","Rever") -> Rever | D18: Deve ser 0. Executor, Revisor e Auditor devem ser alunos diferentes na mesma tarefa.
A19: Desempenhos ainda não avaliados em Sprints concluídos | B19: =SUM('Listas de apoio'!R5:R104)+SUM('Listas de apoio'!AB5:AB54)+SUM('Listas de apoio'!AH5:AH24) -> 0 | C19: =IF(B19=0,"OK","Rever") -> OK | D19: Deve ser 0. Quando o Sprint fica concluído, as tarefas, transferências e o Secretariado deixam de apresentar Ainda não avaliado.
A20: Repetição imediata do mesmo Revisor e Auditor em tarefas do mesmo Executor | B20: =SUM('Listas de apoio'!S5:S104) -> 2 | C20: =IF(B20=0,"OK","Rever") -> Rever | D20: Deve ser 0. Considere separadamente a sequência de tarefas atribuídas a cada Executor. Em duas atribuições consecutivas do mesmo Executor, o par formado pelo Revisor e pelo Auditor não pode ser exatamente o mesmo. Um valor superior a 0 indica pelo menos uma repetição imediata dessa combinação.
A21: Reutilização da mesma combinação antes da participação dos restantes alunos | B21: =SUM('Listas de apoio'!T5:T104) -> 5 | C21: =IF(B21=0,"OK","Rever") -> Rever | D21: Deve ser 0. Analise separadamente cada Executor. Se uma combinação de Revisor e Auditor já tiver sido usada com esse Executor, só pode ser repetida depois de todos os outros alunos elegíveis que não integram essa combinação terem participado entretanto como Revisor ou Auditor em tarefas desse Executor.
A22: Sequências ou Issues repetidas no mesmo Sprint | B22: =SUM('Listas de apoio'!U5:U104) -> 0 | C22: =IF(B22=0,"OK","Rever") -> OK | D22: Deve ser 0. A sequência é única no projeto e cada Issue aparece uma única vez por Sprint nesta grelha.
A23: Campos obrigatórios vazios nas transferências | B23: =SUM('Listas de apoio'!W5:W54) -> 0 | C23: =IF(B23=0,"OK","Rever") -> OK | D23: Deve ser 0. Cada transferência identifica a origem, o destinatário, a referência formal e a confirmação do desempenho.
A24: Transferências em que o cedente e o novo responsável são a mesma pessoa | B24: =SUM('Listas de apoio'!X5:X54) -> 0 | C24: =IF(B24=0,"OK","Rever") -> OK | D24: Deve ser 0. Uma transferência exige dois alunos diferentes.
A25: Transferências associadas a Sprints não registados | B25: =SUM('Listas de apoio'!Y5:Y54) -> 0 | C25: =IF(B25=0,"OK","Rever") -> OK | D25: Deve ser 0. O Sprint da transferência deve existir no registo cumulativo.
A26: Transferências que criam acumulação incompatível de papéis | B26: =SUM('Listas de apoio'!Z5:Z54) -> 0 | C26: =IF(B26=0,"OK","Rever") -> OK | D26: Deve ser 0. O novo responsável não pode já desempenhar outro dos três papéis na mesma tarefa.
A27: Transferências cujo cedente não corresponde ao responsável inicial do papel | B27: =SUM('Listas de apoio'!AA5:AA54) -> 0 | C27: =IF(B27=0,"OK","Rever") -> OK | D27: Deve ser 0. O cedente deve corresponder ao responsável inicialmente atribuído ao papel indicado.
A28: Sprints em que o Líder e o Secretário coincidem ou o Secretariado continua pendente | B28: =SUM('Listas de apoio'!AH5:AH24) -> 0 | C28: =IF(B28=0,"OK","Rever") -> OK | D28: Deve ser 0. Líder e Secretário são alunos diferentes; num Sprint concluído, o Secretariado deve estar avaliado.
A29: Janelas completas de três Sprints sem três Secretários diferentes | B29: =SUM('Listas de apoio'!AD5:AD22) -> 0 | C29: =IF(B29=0,"OK","Rever") -> OK | D29: Deve ser 0. Em cada sequência de três Sprints concluídos, o Secretariado deve rodar por três alunos diferentes, sem coincidir com o Líder do respetivo Sprint.
A30: Alunos sem os três papéis numa milestone com tarefas suficientes | B30: =COUNTIF('Grelha de Rotação de Papéis'!$G$26:$G$41,"Por cumprir") -> 1 | C30: =IF(B30=0,"OK","Rever") -> Rever | D30: Deve ser 0. Quando o número de tarefas o permite, cada aluno deve desempenhar Executor, Revisor e Auditor na milestone.
A31: Número de alunos diferente de 4 sem referência de autorização | B31: =IF(AND('Grelha de Rotação de Papéis'!$B$5<>4,OR('Grelha de Rotação de Papéis'!$B$6="",LEFT('Grelha de Rotação de Papéis'!$B$6,12)="Não aplicável")),1,0) -> 0 | C31: =IF(B31=0,"OK","Rever") -> OK | D31: Deve ser 0. Um grupo com n diferente de 4 exige autorização do docente e adaptações às regras de rotação e Secretariado.

Sheet Instruções
A1: INSTRUÇÕES DE PREENCHIMENTO | B1: INSTRUÇÕES DE PREENCHIMENTO | C1: INSTRUÇÕES DE PREENCHIMENTO | D1: INSTRUÇÕES DE PREENCHIMENTO
A2: Leia estas regras antes de substituir os exemplos. A grelha é cumulativa, deve ser atualizada em todas as Milestones de Entrega e não substitui os Sprint Backlogs, os Mapas de Pontuação Individual nem as atas. | B2: Leia estas regras antes de substituir os exemplos. A grelha é cumulativa, deve ser atualizada em todas as Milestones de Entrega e não substitui os Sprint Backlogs, os Mapas de Pontuação Individual nem as atas. | C2: Leia estas regras antes de substituir os exemplos. A grelha é cumulativa, deve ser atualizada em todas as Milestones de Entrega e não substitui os Sprint Backlogs, os Mapas de Pontuação Individual nem as atas. | D2: Leia estas regras antes de substituir os exemplos. A grelha é cumulativa, deve ser atualizada em todas as Milestones de Entrega e não substitui os Sprint Backlogs, os Mapas de Pontuação Individual nem as atas.
A3: N.º | B3: Tema | C3: Regra essencial | D3: Aplicação prática
A4: 1 | B4: Finalidade | C4: A grelha demonstra a rotação dos papéis de Executor, Revisor, Auditor e Secretário. Regista apenas a informação indispensável para comprovar as atribuições e os desempenhos. | D4: Não copie pontos, critérios, prazos, qualidade ou PEO que já existam nos restantes mapas.
A5: 2 | B5: Caráter cumulativo | C5: Entregue uma versão atualizada em m1, m2, m3 e m4. Cada versão conserva todo o histórico existente até à respetiva Milestone de Entrega. | D5: Não apague Sprints, tarefas, transferências ou desempenhos registados em versões anteriores.
A6: 3 | B6: Resumo acumulado por aluno | C6: O quadro distingue atribuições iniciais de desempenhos confirmados. Atribuição inicial identifica o planeamento; desempenho confirmado demonstra que o aluno exerceu efetivamente as responsabilidades e possui evidências. | D6: Um número confirmado inferior ao número de atribuições mostra que alguma função não foi efetivamente desempenhada ou ainda não foi avaliada.
A7: 4 | B7: Distribuição global | C7: O quadro compara o menor e o maior número de desempenhos por aluno. A diferença ajuda a analisar se os papéis foram distribuídos em proporções aproximadas. | D7: A diferença é informativa e não cria um limite novo. O equilíbrio dos pontos é verificado no Mapa de Carga Planeada.
A8: 5 | B8: Registar os Sprints | C8: Registe cada Sprint uma única vez, pela ordem cronológica do projeto. Identifique a situação, o Líder, o Secretário e o estado da confirmação do Secretariado. | D8: Use S01, S02, S03, etc. A ordem numérica deve ser única e crescente.
A9: 6 | B9: Fontes documentais | C9: O Sprint Backlog vigente comprova as atribuições iniciais e as transferências. O Mapa de Pontuação Individual comprova os desempenhos apreciados no Sprint Review. | D9: Identifique, uma única vez por Sprint, as versões editáveis em formato XLS ou XLSX e os correspondentes PDF assinados.
A10: 7 | B10: Ainda não aplicável | C10: Num Sprint em curso, o Mapa de Pontuação Individual pode ainda não existir. Nesse caso, escreva Ainda não aplicável nos dois campos respetivos. | D10: A folha Validação apresenta esta situação como informação e passa a assinalá-la como erro se o Sprint for marcado como Concluído.
A11: 8 | B11: Sequência das atribuições | C11: A coluna Sequência estabelece a ordem cronológica das tarefas formalmente atribuídas. Os números devem ser únicos, crescentes e nunca reutilizados. | D11: A sequência é indispensável para detetar repetições imediatas e combinações repetidas antes da rotação dos restantes alunos.
A12: 9 | B12: Atribuições iniciais | C12: Transcreva do Sprint Backlog vigente a Issue, a tarefa e os responsáveis inicialmente atribuídos como Executor, Revisor e Auditor. | D12: Uma transferência posterior nunca substitui os nomes inscritos nas colunas de atribuição inicial.
A13: 10 | B13: Confirmação do desempenho | C13: Use Sim quando existirem evidências de que o aluno desempenhou efetivamente o papel; use Não quando não desempenhou; use Ainda não avaliado enquanto o Sprint Review não tiver decidido. | D13: A atribuição inicial, por si só, não comprova que o papel foi desempenhado.
A14: 11 | B14: Não inferir apenas pelo PEO | C14: Não determine o desempenho apenas por PEO ser superior a zero. Analise a categoria de qualidade, o fundamento, as evidências e a decisão do Sprint Review. | D14: Um aluno pode ter desempenhado o papel e obter PEO zero por uma penalização de atraso de 100%.
A15: 12 | B15: Transferências | C15: Transcreva as transferências a partir da folha Transferências da última versão cumulativa do Sprint Backlog vigente. Identifique a referência formal que permite consultar a transferência na última versão do Sprint Backlog vigente. | D15: A transferência acrescenta uma participação ao novo responsável, mas não altera a atribuição inicial.
... A26: 23 | B26: Dados de exemplo | C26: Os dados apresentados demonstram três Sprints, rotação equilibrada e uma transferência parcial de Executor. | D26: Substitua integralmente os exemplos pelos dados reais antes de produzir o ficheiro editável em formato XLS ou XLSX e o respetivo PDF oficial do grupo.

Sheet Listas de apoio
A1: LISTAS DE APOIO | B1: LISTAS DE APOIO | C1: LISTAS DE APOIO | D1: LISTAS DE APOIO | E1: LISTAS DE APOIO | F1: LISTAS DE APOIO | G1: LISTAS DE APOIO | H1: LISTAS DE APOIO | I1: LISTAS DE APOIO | J1: LISTAS DE APOIO | K1: LISTAS DE APOIO | L1: LISTAS DE APOIO | M1: LISTAS DE APOIO | N1: LISTAS DE APOIO | O1: LISTAS DE APOIO | P1: LISTAS DE APOIO | Q1: LISTAS DE APOIO
A2: Edite apenas a lista de alunos. As restantes listas e colunas auxiliares suportam os cálculos, as listas suspensas e as verificações automáticas; não as altere. | B2: Edite apenas a lista de alunos. As restantes listas e colunas auxiliares suportam os cálculos, as listas pendentes e as verificações automáticas; não as altere. | C2: Edite apenas a lista de alunos. As restantes listas e colunas auxiliares suportam os cálculos, as listas pendentes e as verificações automáticas; não as altere. | D2: Edite apenas a lista de alunos. As restantes listas e colunas auxiliares suportam os cálculos, as listas pendentes e as verificações automáticas; não as altere. | E2: Edite apenas a lista de alunos. As restantes listas e colunas auxiliares suportam os cálculos, as listas pendentes e as verificações automáticas; não as altere. | F2: Edite apenas a lista de alunos. As restantes listas e colunas auxiliares suportam os cálculos, as listas pendentes e as verificações automáticas; não as altere. | G2: Edite apenas a lista de alunos. As restantes listas e colunas auxiliares suportam os cálculos, as listas pendentes e as verificações automáticas; não as altere. | H2: Edite apenas a lista de alunos. As restantes listas e colunas auxiliares suportam os cálculos, as listas pendentes e as verificações automáticas; não as altere. | I2: Edite apenas a lista de alunos. As restantes listas e colunas auxiliares suportam os cálculos, as listas pendentes e as verificações automáticas; não as altere. | J2: Edite apenas a lista de alunos. As restantes listas e colunas auxiliares suportam os cálculos, as listas pendentes e as verificações automáticas; não as altere. | K2: Edite apenas a lista de alunos. As restantes listas e colunas auxiliares suportam os cálculos, as listas pendentes e as verificações automáticas; não as altere. | L2: Edite apenas a lista de alunos. As restantes listas e colunas auxiliares suportam os cálculos, as listas pendentes e as verificações automáticas; não as altere. | M2: Edite apenas a lista de alunos. As restantes listas e colunas auxiliares suportam os cálculos, as listas pendentes e as verificações automáticas; não as altere. | N2: Edite apenas a lista de alunos. As restantes listas e colunas auxiliares suportam os cálculos, as listas pendentes e as verificações automáticas; não as altere. | O2: Edite apenas a lista de alunos. As restantes listas e colunas auxiliares suportam os cálculos, as listas pendentes e as verificações automáticas; não as altere. | P2: Edite apenas a lista de alunos. As restantes listas e colunas auxiliares suportam os cálculos, as listas pendentes e as verificações automáticas; não as altere. | Q2: Edite apenas a lista de alunos. As restantes listas e colunas auxiliares suportam os cálculos, as listas pendentes e as verificações automáticas; não as altere.
A4: ALUNOS DO GRUPO | C4: MILESTONES | E4: SPRINTS | G4: SITUAÇÃO DO SPRINT | I4: CONFIRMAÇÃO | K4: MODELO DE LIDERANÇA | M4: PAPÉIS | O4: Campos em falta | P4: Sprint não registado | Q4: Papéis não independentes | R4: Pendente em Sprint concluído | S4: Repetição imediata | T4: Rotação incompleta antes da repetição | U4: Sequência ou Issue repetida | W4: Campos transf. em falta | X4: Cedente = destinatário | Y4: Sprint transf. não registado | Z4: Conflito entre papéis | AA4: Cedente não é o responsável inicial | AB4: Pendente em Sprint concluído | AD4: Janela de 3 sprints | AE4: Sprints sem fontes | AF4: Fonte não aplicável concluída | AG4: Sprint duplicado/ordem duplicada | AH4: Líder = Secretário ou Secretariado pendente
A5: André Filipe Moreira Mesquita | C5: m1 | E5: S01 | G5: Em curso | I5: Sim | K5: Permanente | M5: Executor | O5: =IF('Registo da Rotação'!A54="",0,IF(COUNTA('Registo da Rotação'!B54:K54)<10,1,0)) -> 0 | P5: =IF('Registo da Rotação'!A54="",0,IF(COUNTIF('Registo da Rotação'!$C$6:$C$25,'Registo da Rotação'!C54)=0,1,0)) -> 0 | Q5: =IF('Registo da Rotação'!A54="",0,IF(OR('Registo da Rotação'!F54='Registo da Rotação'!G54,'Registo da Rotação'!F54='Registo da Rotação'!H54,'Registo da Rotação'!G54='Registo da Rotação'!H54),1,0)) -> 1 | R5: =IF('Registo da Rotação'!A54="",0,IF(AND(IFERROR(VLOOKUP('Registo da Rotação'!C54,'Registo da Rotação'!$C$6:$D$25,2,FALSE),"")="Concluído",OR('Registo da Rotação'!I54="Ainda não avaliado",'Registo da Rotação'!J54="Ainda não avaliado",'Registo da Rotação'!K54="Ainda não avaliado")),1,0)) -> 0 | S5: 0 | T5: 0 | U5: =IF('Registo da Rotação'!A54="",0,IF(OR(COUNTIF('Registo da Rotação'!$A$54:$A$162,'Registo da Rotação'!A54)>1,COUNTIFS('Registo da Rotação'!$C$54:$C$162,'Registo da Rotação'!C54,'Registo da Rotação'!$D$54:$D$162,'Registo da Rotação'!D54)>1),1,0)) -> 0 | W5: =IF('Registo da Rotação'!C168="",0,IF(COUNTA('Registo da Rotação'!A168:H168)<8,1,0)) -> 0 | X5: =IF('Registo da Rotação'!C168="",0,IF('Registo da Rotação'!E168='Registo da Rotação'!F168,1,0)) -> 0 | Y5: =IF('Registo da Rotação'!C168="",0,IF(COUNTIF('Registo da Rotação'!$C$6:$C$25,'Registo da Rotação'!B168)=0,1,0)) -> 0 | Z5: =IF('Registo da Rotação'!C168="",0,IF('Registo da Rotação'!D168="Executor",IF(COUNTIFS('Registo da Rotação'!$B$54:$B$162,'Registo da Rotação'!A168,'Registo da Rotação'!$C$54:$C$162,'Registo da Rotação'!B168,'Registo da Rotação'!$D$54:$D$162,'Registo da Rotação'!C168,'Registo da Rotação'!$G$54:$G$162,'Registo da Rotação'!F168)+COUNTIFS('Registo da Rotação'!$B$54:$B$162,'Registo da Rotação'!A168,'Registo da Rotação'!$C$54:$C$162,'Registo da Rotação'!B168,'Registo da Rotação'!$D$54:$D$162,'Registo da Rotação'!C168,'Registo da Rotação'!$H$54:$H$162,'Registo da Rotação'!F168)>0,1,0),IF('Registo da Rotação'!D168="Revisor",IF(COUNTIFS('Registo da Rotação'!$B$54:$B$162,'Registo da Rotação'!A168,'Registo da Rotação'!$C$54:$C$162,'Registo da Rotação'!B168,'Registo da Rotação'!$D$54:$D$162,'Registo da Rotação'!C168,'Registo da Rotação'!$F$54:$F$162,'Registo da Rotação'!F168)+COUNTIFS('Registo da Rotação'!$B$54:$B$162,'Registo da Rotação'!A168,'Registo da Rotação'!$C$54:$C$162,'Registo da Rotação'!B168,'Registo da Rotação'!$D$54:$D$162,'Registo da Rotação'!C168,'Registo da Rotação'!$H$54:$H$162,'Registo da Rotação'!F168)>0,1,0),IF('Registo da Rotação'!D168="Auditor",IF(COUNTIFS('Registo da Rotação'!$B$54:$B$162,'Registo da Rotação'!A168,'Registo da Rotação'!$C$54:$C$162,'Registo da Rotação'!B168,'Registo da Rotação'!$D$54:$D$162,'Registo da Rotação'!C168,'Registo da Rotação'!$F$54:$F$162,'Registo da Rotação'!F168)+COUNTIFS('Registo da Rotação'!$B$54:$B$162,'Registo da Rotação'!A168,'Registo da Rotação'!$C$54:$C$162,'Registo da Rotação'!B168,'Registo da Rotação'!$D$54:$D$162,'Registo da Rotação'!C168,'Registo da Rotação'!$G$54:$G$162,'Registo da Rotação'!F168)>0,1,0),0)))) -> 0 | AA5: =IF('Registo da Rotação'!C168="",0,IF('Registo da Rotação'!D168="Executor",IF(COUNTIFS('Registo da Rotação'!$B$54:$B$162,'Registo da Rotação'!A168,'Registo da Rotação'!$C$54:$C$162,'Registo da Rotação'!B168,'Registo da Rotação'!$D$54:$D$162,'Registo da Rotação'!C168,'Registo da Rotação'!$F$54:$F$162,'Registo da Rotação'!E168)=0,1,0),IF('Registo da Rotação'!D168="Revisor",IF(COUNTIFS('Registo da Rotação'!$B$54:$B$162,'Registo da Rotação'!A168,'Registo da Rotação'!$C$54:$C$162,'Registo da Rotação'!B168,'Registo da Rotação'!$D$54:$D$162,'Registo da Rotação'!C168,'Registo da Rotação'!$G$54:$G$162,'Registo da Rotação'!E168)=0,1,0),IF('Registo da Rotação'!D168="Auditor",IF(COUNTIFS('Registo da Rotação'!$B$54:$B$162,'Registo da Rotação'!A168,'Registo da Rotação'!$C$54:$C$162,'Registo da Rotação'!B168,'Registo da Rotação'!$D$54:$D$162,'Registo da Rotação'!C168,'Registo da Rotação'!$H$54:$H$162,'Registo da Rotação'!E168)=0,1,0),0)))) -> 0 | AB5: =IF('Registo da Rotação'!C168="",0,IF(AND(COUNTIFS('Registo da Rotação'!$C$6:$C$25,'Registo da Rotação'!B168,'Registo da Rotação'!$D$6:$D$25,"Concluído")>0,'Registo da Rotação'!H168="Ainda não avaliado"),1,0)) -> 0 | AD5: =IF(COUNTA('Registo da Rotação'!C6:C8)<3,0,IF(COUNTIF('Registo da Rotação'!D6:D8,"Concluído")<3,0,IF(SUMPRODUCT(--(COUNTIF('Registo da Rotação'!F6:F8,'Registo da Rotação'!F6:F8)>1))>0,1,0))) -> 0 | AE5: =IF('Registo da Rotação'!C6="",0,IF(COUNTIF('Registo da Rotação'!$A$29:$A$48,'Registo da Rotação'!C6)=0,1,0)) -> 0 | AF5: =IF('Registo da Rotação'!A29="",0,IF(AND('Registo da Rotação'!B29="Concluído",OR('Registo da Rotação'!K29="Ainda não aplicável",'Registo da Rotação'!O29="Ainda não aplicável")),1,0)) -> 0 | AG5: =IF('Registo da Rotação'!C6="",0,IF(OR(COUNTIF('Registo da Rotação'!$C$6:$C$25,'Registo da Rotação'!C6)>1,COUNTIF('Registo da Rotação'!$B$6:$B$25,'Registo da Rotação'!B6)>1),1,0)) -> 0 | AH5: =IF('Registo da Rotação'!C6="",0,IF(OR('Registo da Rotação'!E6='Registo da Rotação'!F6,AND('Registo da Rotação'!D6="Concluído",'Registo da Rotação'!G6="Ainda não avaliado")),1,0)) -> 0
A6: Gonçalo Dinis Magalhães Teixeira | C6: m2 | E6: S02 | G6: Concluído | I6: Não | K6: Rotativa | M6: Revisor | O6: =IF('Registo da Rotação'!A55="",0,IF(COUNTA('Registo da Rotação'!B55:K55)<10,1,0)) -> 0 | P6: =IF('Registo da Rotação'!A55="",0,IF(COUNTIF('Registo da Rotação'!$C$6:$C$25,'Registo da Rotação'!C55)=0,1,0)) -> 0 | Q6: =IF('Registo da Rotação'!A55="",0,IF(OR('Registo da Rotação'!F55='Registo da Rotação'!G55,'Registo da Rotação'!F55='Registo da Rotação'!H55,'Registo da Rotação'!G55='Registo da Rotação'!H55),1,0)) -> 1 | R6: =IF('Registo da Rotação'!A55="",0,IF(AND(IFERROR(VLOOKUP('Registo da Rotação'!C55,'Registo da Rotação'!$C$6:$D$25,2,FALSE),"")="Concluído",OR('Registo da Rotação'!I55="Ainda não avaliado",'Registo da Rotação'!J55="Ainda não avaliado",'Registo da Rotação'!K55="Ainda não avaliado")),1,0)) -> 0 | S6: =IF('Registo da Rotação'!A55="",0,IF(AND('Registo da Rotação'!G55=IFERROR(LOOKUP(2,1/('Registo da Rotação'!$F$54:'Registo da Rotação'!F54='Registo da Rotação'!F55),'Registo da Rotação'!$G$54:'Registo da Rotação'!G54),""),'Registo da Rotação'!H55=IFERROR(LOOKUP(2,1/('Registo da Rotação'!$F$54:'Registo da Rotação'!F54='Registo da Rotação'!F55),'Registo da Rotação'!$H$54:'Registo da Rotação'!H54),"")),1,0)) -> 0 | T6: =IF('Registo da Rotação'!A55="",0,IF(IFERROR(LOOKUP(2,1/(('Registo da Rotação'!$F$54:'Registo da Rotação'!F54='Registo da Rotação'!F55)*('Registo da Rotação'!$G$54:'Registo da Rotação'!G54='Registo da Rotação'!G55)*('Registo da Rotação'!$H$54:'Registo da Rotação'!H54='Registo da Rotação'!H55)),ROW('Registo da Rotação'!$F$54:'Registo da Rotação'!F54)),0)=0,0,IF(OR('Listas de apoio'!$A$5="",'Listas de apoio'!$A$5='Registo da Rotação'!F55,'Listas de apoio'!$A$5='Registo da Rotação'!G55,'Listas de apoio'!$A$5='Registo da Rotação'!H55),0,IF(SUMPRODUCT(--('Registo da Rotação'!$F$54:'Registo da Rotação'!F54='Registo da Rotação'!F55),--(ROW('Registo da Rotação'!$F$54:'Registo da Rotação'!F54)>IFERROR(LOOKUP(2,1/(('Registo da Rotação'!$F$54:'Registo da Rotação'!F54='Registo da Rotação'!F55)*('Registo da Rotação'!$G$54:'Registo da Rotação'!G54='Registo da Rotação'!G55)*('Registo da Rotação'!$H$54:'Registo da Rotação'!H54='Registo da Rotação'!H55)),ROW('Registo da Rotação'!$F$54:'Registo da Rotação'!F54)),0)),--((('Registo da Rotação'!$G$54:'Registo da Rotação'!G54='Listas de apoio'!$A$5)+('Registo da Rotação'!$H$54:'Registo da Rotação'!H54='Listas de apoio'!$A$5))>0))>0,0,1))+IF(OR('Listas de apoio'!$A$6="",'Listas de apoio'!$A$6='Registo da Rotação'!F55,'Listas de apoio'!$A$6='Registo da Rotação'!G55,'Listas de apoio'!$A$6='Registo da Rotação'!H55),0,IF(SUMPRODUCT(--('Registo da Rotação'!$F$54:'Registo da Rotação'!F54='Registo da Rotação'!F55),--(ROW('Registo da Rotação'!$F$54:'Registo da Rotação'!F54)>IFERROR(LOOKUP(2,1/(('Registo da Rotação'!$F$54:'Registo da Rotação'!F54='Registo da Rotação'!F55)*('Registo da Rotação'!$G$54:'Registo da Rotação'!G54='Registo da Rotação'!G55)*('Registo da Rotação'!$H$54:'Registo da Rotação'!H54='Registo da Rotação'!H55)),ROW('Registo da Rotação'!$F$54:'Registo da Rotação'!F54)),0)),--((('Registo da Rotação'!$G$54:'Registo da Rotação'!G54='Listas de apoio'!$A$6)+('Registo da Rotação'!$H$54:'Registo da Rotação'!H54='Listas de apoio'!$A$6))>0))>0,0,1))+IF(OR('Listas de apoio'!$A$7="",'Listas de apoio'!$A$7='Registo da Rotação'!F55,'Listas de apoio'!$A$7='Registo da Rotação'!G55,'Listas de apoio'!$A$7='Registo da Rotação'!H55),0,IF(SUMPRODUCT(--('Registo da Rotação'!$F$54:'Registo da Rotação'!F54='Registo da Rotação'!F55),--(ROW('Registo da Rotação'!$F$54:'Registo da Rotação'!F54)>IFERROR(LOOKUP(2,1/(('Registo da Rotação'!$F$54:'Registo da Rotação'!F54='Registo da Rotação'!F55)*('Registo da Rotação'!$G$54:'Registo da Rotação'!G54='Registo da Rotação'!G55)*('Registo da Rotação'!$H$54:'Registo da Rotação'!H54='Registo da Rotação'!H55)),ROW('Registo da Rotação'!$F$54:'Registo da Rotação'!F54)),0)),--((('Registo da Rotação'!$G$54:'Registo da Rotação'!G54='Listas de apoio'!$A$7)+('Registo da Rotação'!$H$54:'Registo da Rotação'!H54='Listas de apoio'!$A$7))>0))>0,0,1))+IF(OR('Listas de apoio'!$A$8="",'Listas de apoio'!$A$8='Registo da Rotação'!F55,'Listas de apoio'!$A$8='Registo da Rotação'!G55,'Listas de apoio'!$A$8='Registo da Rotação'!H55),0,IF(SUMPRODUCT(--('Registo da Rotação'!$F$54:'Registo da Rotação'!F54='Registo da Rotação'!F55),--(ROW('Registo da Rotação'!$F$54:'Registo da Rotação'!F54)>IFERROR(LOOKUP(2,1/(('Registo da Rotação'!$F$54:'Registo da Rotação'!F54='Registo da Rotação'!F55)*('Registo da Rotação'!$G$54:'Registo da Rotação'!G54='Registo da Rotação'!G55)*('Registo da Rotação'!$H$54:'Registo da Rotação'!H54='Registo da Rotação'!H55)),ROW('Registo da Rotação'!$F$54:'Registo da Rotação'!F54)),0)),--((('Registo da Rotação'!$G$54:'Registo da Rotação'!G54='Listas de apoio'!$A$8)+('Registo da Rotação'!$H$54:'Registo da Rotação'!H54='Listas de apoio'!$A$8))>0))>0,0,1)))) -> 0 | U6: =IF('Registo da Rotação'!A55="",0,IF(OR(COUNTIF('Registo da Rotação'!$A$54:$A$162,'Registo da Rotação'!A55)>1,COUNTIFS('Registo da Rotação'!$C$54:$C$162,'Registo da Rotação'!C55,'Registo da Rotação'!$D$54:$D$162,'Registo da Rotação'!D55)>1),1,0)) -> 0 | W6: =IF('Registo da Rotação'!C169="",0,IF(COUNTA('Registo da Rotação'!A169:H169)<8,1,0)) -> 0 | X6: =IF('Registo da Rotação'!C169="",0,IF('Registo da Rotação'!E169='Registo da Rotação'!F169,1,0)) -> 0 | Y6: =IF('Registo da Rotação'!C169="",0,IF(COUNTIF('Registo da Rotação'!$C$6:$C$25,'Registo da Rotação'!B169)=0,1,0)) -> 0 | Z6: =IF('Registo da Rotação'!C169="",0,IF('Registo da Rotação'!D169="Executor",IF(COUNTIFS('Registo da Rotação'!$B$54:$B$162,'Registo da Rotação'!A169,'Registo da Rotação'!$C$54:$C$162,'Registo da Rotação'!B169,'Registo da Rotação'!$D$54:$D$162,'Registo da Rotação'!C169,'Registo da Rotação'!$G$54:$G$162,'Registo da Rotação'!F169)+COUNTIFS('Registo da Rotação'!$B$54:$B$162,'Registo da Rotação'!A169,'Registo da Rotação'!$C$54:$C$162,'Registo da Rotação'!B169,'Registo da Rotação'!$D$54:$D$162,'Registo da Rotação'!C169,'Registo da Rotação'!$H$54:$H$162,'Registo da Rotação'!F169)>0,1,0),IF('Registo da Rotação'!D169="Revisor",IF(COUNTIFS('Registo da Rotação'!$B$54:$B$162,'Registo da Rotação'!A169,'Registo da Rotação'!$C$54:$C$162,'Registo da Rotação'!B169,'Registo da Rotação'!$D$54:$D$162,'Registo da Rotação'!C169,'Registo da Rotação'!$F$54:$F$162,'Registo da Rotação'!F169)+COUNTIFS('Registo da Rotação'!$B$54:$B$162,'Registo da Rotação'!A169,'Registo da Rotação'!$C$54:$C$162,'Registo da Rotação'!B169,'Registo da Rotação'!$D$54:$D$162,'Registo da Rotação'!C169,'Registo da Rotação'!$H$54:$H$162,'Registo da Rotação'!F169)>0,1,0),IF('Registo da Rotação'!D169="Auditor",IF(COUNTIFS('Registo da Rotação'!$B$54:$B$162,'Registo da Rotação'!A169,'Registo da Rotação'!$C$54:$C$162,'Registo da Rotação'!B169,'Registo da Rotação'!$D$54:$D$162,'Registo da Rotação'!C169,'Registo da Rotação'!$F$54:$F$162,'Registo da Rotação'!F169)+COUNTIFS('Registo da Rotação'!$B$54:$B$162,'Registo da Rotação'!A169,'Registo da Rotação'!$C$54:$C$162,'Registo da Rotação'!B169,'Registo da Rotação'!$D$54:$D$162,'Registo da Rotação'!C169,'Registo da Rotação'!$G$54:$G$162,'Registo da Rotação'!F169)>0,1,0),0)))) -> 0 | AA6: =IF('Registo da Rotação'!C169="",0,IF('Registo da Rotação'!D169="Executor",IF(COUNTIFS('Registo da Rotação'!$B$54:$B$162,'Registo da Rotação'!A169,'Registo da Rotação'!$C$54:$C$162,'Registo da Rotação'!B169,'Registo da Rotação'!$D$54:$D$162,'Registo da Rotação'!C169,'Registo da Rotação'!$F$54:$F$162,'Registo da Rotação'!E169)=0,1,0),IF('Registo da Rotação'!D169="Revisor",IF(COUNTIFS('Registo da Rotação'!$B$54:$B$162,'Registo da Rotação'!A169,'Registo da Rotação'!$C$54:$C$162,'Registo da Rotação'!B169,'Registo da Rotação'!$D$54:$D$162,'Registo da Rotação'!C169,'Registo da Rotação'!$G$54:$G$162,'Registo da Rotação'!E169)=0,1,0),IF('Registo da Rotação'!D169="Auditor",IF(COUNTIFS('Registo da Rotação'!$B$54:$B$162,'Registo da Rotação'!A169,'Registo da Rotação'!$C$54:$C$162,'Registo da Rotação'!B169,'Registo da Rotação'!$D$54:$D$162,'Registo da Rotação'!C169,'Registo da Rotação'!$H$54:$H$162,'Registo da Rotação'!E169)=0,1,0),0)))) -> 0 | AB6: =IF('Registo da Rotação'!C169="",0,IF(AND(COUNTIFS('Registo da Rotação'!$C$6:$C$25,'Registo da Rotação'!B169,'Registo da Rotação'!$D$6:$D$25,"Concluído")>0,'Registo da Rotação'!H169="Ainda não avaliado"),1,0)) -> 0 | AD6: =IF(COUNTA('Registo da Rotação'!C7:C9)<3,0,IF(COUNTIF('Registo da Rotação'!D7:D9,"Concluído")<3,0,IF(SUMPRODUCT(--(COUNTIF('Registo da Rotação'!F7:F9,'Registo da Rotação'!F7:F9)>1))>0,1,0))) -> 0 | AE6: =IF('Registo da Rotação'!C7="",0,IF(COUNTIF('Registo da Rotação'!$A$29:$A$48,'Registo da Rotação'!C7)=0,1,0)) -> 0 | AF6: =IF('Registo da Rotação'!A30="",0,IF(AND('Registo da Rotação'!B30="Concluído",OR('Registo da Rotação'!K30="Ainda não aplicável",'Registo da Rotação'!O30="Ainda não aplicável")),1,0)) -> 0 | AG6: =IF('Registo da Rotação'!C7="",0,IF(OR(COUNTIF('Registo da Rotação'!$C$6:$C$25,'Registo da Rotação'!C7)>1,COUNTIF('Registo da Rotação'!$B$6:$B$25,'Registo da Rotação'!B7)>1),1,0)) -> 0 | AH6: =IF('Registo da Rotação'!C7="",0,IF(OR('Registo da Rotação'!E7='Registo da Rotação'!F7,AND('Registo da Rotação'!D7="Concluído",'Registo da Rotação'!G7="Ainda não avaliado")),1,0)) -> 0
A7: Gonçalo Magalhães Ribeiro | C7: m3 | E7: S03 | I7: Ainda não avaliado | M7: Auditor | O7: =IF('Registo da Rotação'!A56="",0,IF(COUNTA('Registo da Rotação'!B56:K56)<10,1,0)) -> 0 | P7: =IF('Registo da Rotação'!A56="",0,IF(COUNTIF('Registo da Rotação'!$C$6:$C$25,'Registo da Rotação'!C56)=0,1,0)) -> 0 | Q7: =IF('Registo da Rotação'!A56="",0,IF(OR('Registo da Rotação'!F56='Registo da Rotação'!G56,'Registo da Rotação'!F56='Registo da Rotação'!H56,'Registo da Rotação'!G56='Registo da Rotação'!H56),1,0)) -> 0 | R7: =IF('Registo da Rotação'!A56="",0,IF(AND(IFERROR(VLOOKUP('Registo da Rotação'!C56,'Registo da Rotação'!$C$6:$D$25,2,FALSE),"")="Concluído",OR('Registo da Rotação'!I56="Ainda não avaliado",'Registo da Rotação'!J56="Ainda não avaliado",'Registo da Rotação'!K56="Ainda não avaliado")),1,0)) -> 0 | S7: =IF('Registo da Rotação'!A56="",0,IF(AND('Registo da Rotação'!G56=IFERROR(LOOKUP(2,1/('Registo da Rotação'!$F$54:'Registo da Rotação'!F55='Registo da Rotação'!F56),'Registo da Rotação'!$G$54:'Registo da Rotação'!G55),""),'Registo da Rotação'!H56=IFERROR(LOOKUP(2,1/('Registo da Rotação'!$F$54:'Registo da Rotação'!F55='Registo da Rotação'!F56),'Registo da Rotação'!$H$54:'Registo da Rotação'!H55),"")),1,0)) -> 0 | T7: =IF('Registo da Rotação'!A56="",0,IF(IFERROR(LOOKUP(2,1/(('Registo da Rotação'!$F$54:'Registo da Rotação'!F55='Registo da Rotação'!F56)*('Registo da Rotação'!$G$54:'Registo da Rotação'!G55='Registo da Rotação'!G56)*('Registo da Rotação'!$H$54:'Registo da Rotação'!H55='Registo da Rotação'!H56)),ROW('Registo da Rotação'!$F$54:'Registo da Rotação'!F55)),0)=0,0,IF(OR('Listas de apoio'!$A$5="",'Listas de apoio'!$A$5='Registo da Rotação'!F56,'Listas de apoio'!$A$5='Registo da Rotação'!G56,'Listas de apoio'!$A$5='Registo da Rotação'!H56),0,IF(SUMPRODUCT(--('Registo da Rotação'!$F$54:'Registo da Rotação'!F55='Registo da Rotação'!F56),--(ROW('Registo da Rotação'!$F$54:'Registo da Rotação'!F55)>IFERROR(LOOKUP(2,1/(('Registo da Rotação'!$F$54:'Registo da Rotação'!F55='Registo da Rotação'!F56)*('Registo da Rotação'!$G$54:'Registo da Rotação'!G55='Registo da Rotação'!G56)*('Registo da Rotação'!$H$54:'Registo da Rotação'!H55='Registo da Rotação'!H56)),ROW('Registo da Rotação'!$F$54:'Registo da Rotação'!F55)),0)),--((('Registo da Rotação'!$G$54:'Registo da Rotação'!G55='Listas de apoio'!$A$5)+('Registo da Rotação'!$H$54:'Registo da Rotação'!H55='Listas de apoio'!$A$5))>0))>0,0,1))+IF(OR('Listas de apoio'!$A$6="",'Listas de apoio'!$A$6='Registo da Rotação'!F56,'Listas de apoio'!$A$6='Registo da Rotação'!G56,'Listas de apoio'!$A$6='Registo da Rotação'!H56),0,IF(SUMPRODUCT(--('Registo da Rotação'!$F$54:'Registo da Rotação'!F55='Registo da Rotação'!F56),--(ROW('Registo da Rotação'!$F$54:'Registo da Rotação'!F55)>IFERROR(LOOKUP(2,1/(('Registo da Rotação'!$F$54:'Registo da Rotação'!F55='Registo da Rotação'!F56)*('Registo da Rotação'!$G$54:'Registo da Rotação'!G55='Registo da Rotação'!G56)*('Registo da Rotação'!$H$54:'Registo da Rotação'!H55='Registo da Rotação'!H56)),ROW('Registo da Rotação'!$F$54:'Registo da Rotação'!F55)),0)),--((('Registo da Rotação'!$G$54:'Registo da Rotação'!G55='Listas de apoio'!$A$6)+('Registo da Rotação'!$H$54:'Registo da Rotação'!H55='Listas de apoio'!$A$6))>0))>0,0,1))+IF(OR('Listas de apoio'!$A$7="",'Listas de apoio'!$A$7='Registo da Rotação'!F56,'Listas de apoio'!$A$7='Registo da Rotação'!G56,'Listas de apoio'!$A$7='Registo da Rotação'!H56),0,IF(SUMPRODUCT(--('Registo da Rotação'!$F$54:'Registo da Rotação'!F55='Registo da Rotação'!F56),--(ROW('Registo da Rotação'!$F$54:'Registo da Rotação'!F55)>IFERROR(LOOKUP(2,1/(('Registo da Rotação'!$F$54:'Registo da Rotação'!F55='Registo da Rotação'!F56)*('Registo da Rotação'!$G$54:'Registo da Rotação'!G55='Registo da Rotação'!G56)*('Registo da Rotação'!$H$54:'Registo da Rotação'!H55='Registo da Rotação'!H56)),ROW('Registo da Rotação'!$F$54:'Registo da Rotação'!F55)),0)),--((('Registo da Rotação'!$G$54:'Registo da Rotação'!G55='Listas de apoio'!$A$7)+('Registo da Rotação'!$H$54:'Registo da Rotação'!H55='Listas de apoio'!$A$7))>0))>0,0,1))+IF(OR('Listas de apoio'!$A$8="",'Listas de apoio'!$A$8='Registo da Rotação'!F56,'Listas de apoio'!$A$8='Registo da Rotação'!G56,'Listas de apoio'!$A$8='Registo da Rotação'!H56),0,IF(SUMPRODUCT(--('Registo da Rotação'!$F$54:'Registo da Rotação'!F55='Registo da Rotação'!F56),--(ROW('Registo da Rotação'!$F$54:'Registo da Rotação'!F55)>IFERROR(LOOKUP(2,1/(('Registo da Rotação'!$F$54:'Registo da Rotação'!F55='Registo da Rotação'!F56)*('Registo da Rotação'!$G$54:'Registo da Rotação'!G55='Registo da Rotação'!G56)*('Registo da Rotação'!$H$54:'Registo da Rotação'!H55='Registo da Rotação'!H56)),ROW('Registo da Rotação'!$F$54:'Registo da Rotação'!F55)),0)),--((('Registo da Rotação'!$G$54:'Registo da Rotação'!G55='Listas de apoio'!$A$8)+('Registo da Rotação'!$H$54:'Registo da Rotação'!H55='Listas de apoio'!$A$8))>0))>0,0,1)))) -> 0 | U7: =IF('Registo da Rotação'!A56="",0,IF(OR(COUNTIF('Registo da Rotação'!$A$54:$A$162,'Registo da Rotação'!A56)>1,COUNTIFS('Registo da Rotação'!$C$54:$C$162,'Registo da Rotação'!C56,'Registo da Rotação'!$D$54:$D$162,'Registo da Rotação'!D56)>1),1,0)) -> 0 | W7: =IF('Registo da Rotação'!C170="",0,IF(COUNTA('Registo da Rotação'!A170:H170)<8,1,0)) -> 0 | X7: =IF('Registo da Rotação'!C170="",0,IF('Registo da Rotação'!E170='Registo da Rotação'!F170,1,0)) -> 0 | Y7: =IF('Registo da Rotação'!C170="",0,IF(COUNTIF('Registo da Rotação'!$C$6:$C$25,'Registo da Rotação'!B170)=0,1,0)) -> 0 | Z7: =IF('Registo da Rotação'!C170="",0,IF('Registo da Rotação'!D170="Executor",IF(COUNTIFS('Registo da Rotação'!$B$54:$B$162,'Registo da Rotação'!A170,'Registo da Rotação'!$C$54:$C$162,'Registo da Rotação'!B170,'Registo da Rotação'!$D$54:$D$162,'Registo da Rotação'!C170,'Registo da Rotação'!$G$54:$G$162,'Registo da Rotação'!F170)+COUNTIFS('Registo da Rotação'!$B$54:$B$162,'Registo da Rotação'!A170,'Registo da Rotação'!$C$54:$C$162,'Registo da Rotação'!B170,'Registo da Rotação'!$D$54:$D$162,'Registo da Rotação'!C170,'Registo da Rotação'!$H$54:$H$162,'Registo da Rotação'!F170)>0,1,0),IF('Registo da Rotação'!D170="Revisor",IF(COUNTIFS('Registo da Rotação'!$B$54:$B$162,'Registo da Rotação'!A170,'Registo da Rotação'!$C$54:$C$162,'Registo da Rotação'!B170,'Registo da Rotação'!$D$54:$D$162,'Registo da Rotação'!C170,'Registo da Rotação'!$F$54:$F$162,'Registo da Rotação'!F170)+COUNTIFS('Registo da Rotação'!$B$54:$B$162,'Registo da Rotação'!A170,'Registo da Rotação'!$C$54:$C$162,'Registo da Rotação'!B170,'Registo da Rotação'!$D$54:$D$162,'Registo da Rotação'!C170,'Registo da Rotação'!$H$54:$H$162,'Registo da Rotação'!F170)>0,1,0),IF('Registo da Rotação'!D170="Auditor",IF(COUNTIFS('Registo da Rotação'!$B$54:$B$162,'Registo da Rotação'!A170,'Registo da Rotação'!$C$54:$C$162,'Registo da Rotação'!B170,'Registo da Rotação'!$D$54:$D$162,'Registo da Rotação'!C170,'Registo da Rotação'!$F$54:$F$162,'Registo da Rotação'!F170)+COUNTIFS('Registo da Rotação'!$B$54:$B$162,'Registo da Rotação'!A170,'Registo da Rotação'!$C$54:$C$162,'Registo da Rotação'!B170,'Registo da Rotação'!$D$54:$D$162,'Registo da Rotação'!C170,'Registo da Rotação'!$G$54:$G$162,'Registo da Rotação'!F170)>0,1,0),0)))) -> 0 | AA7: =IF('Registo da Rotação'!C170="",0,IF('Registo da Rotação'!D170="Executor",IF(COUNTIFS('Registo da Rotação'!$B$54:$B$162,'Registo da Rotação'!A170,'Registo da Rotação'!$C$54:$C$162,'Registo da Rotação'!B170,'Registo da Rotação'!$D$54:$D$162,'Registo da Rotação'!C170,'Registo da Rotação'!$F$54:$F$162,'Registo da Rotação'!E170)=0,1,0),IF('Registo da Rotação'!D170="Revisor",IF(COUNTIFS('Registo da Rotação'!$B$54:$B$162,'Registo da Rotação'!A170,'Registo da Rotação'!$C$54:$C$162,'Registo da Rotação'!B170,'Registo da Rotação'!$D$54:$D$162,'Registo da Rotação'!C170,'Registo da Rotação'!$G$54:$G$162,'Registo da Rotação'!E170)=0,1,0),IF('Registo da Rotação'!D170="Auditor",IF(COUNTIFS('Registo da Rotação'!$B$54:$B$162,'Registo da Rotação'!A170,'Registo da Rotação'!$C$54:$C$162,'Registo da Rotação'!B170,'Registo da Rotação'!$D$54:$D$162,'Registo da Rotação'!C170,'Registo da Rotação'!$H$54:$H$162,'Registo da Rotação'!E170)=0,1,0),0)))) -> 0 | AB7: =IF('Registo da Rotação'!C170="",0,IF(AND(COUNTIFS('Registo da Rotação'!$C$6:$C$25,'Registo da Rotação'!B170,'Registo da Rotação'!$D$6:$D$25,"Concluído")>0,'Registo da Rotação'!H170="Ainda não avaliado"),1,0)) -> 0 | AD7: =IF(COUNTA('Registo da Rotação'!C8:C10)<3,0,IF(COUNTIF('Registo da Rotação'!D8:D10,"Concluído")<3,0,IF(SUMPRODUCT(--(COUNTIF('Registo da Rotação'!F8:F10,'Registo da Rotação'!F8:F10)>1))>0,1,0))) -> 0 | AE7: =IF('Registo da Rotação'!C8="",0,IF(COUNTIF('Registo da Rotação'!$A$29:$A$48,'Registo da Rotação'!C8)=0,1,0)) -> 0 | AF7: =IF('Registo da Rotação'!A31="",0,IF(AND('Registo da Rotação'!B31="Concluído",OR('Registo da Rotação'!K31="Ainda não aplicável",'Registo da Rotação'!O31="Ainda não aplicável")),1,0)) -> 0 | AG7: =IF('Registo da Rotação'!C8="",0,IF(OR(COUNTIF('Registo da Rotação'!$C$6:$C$25,'Registo da Rotação'!C8)>1,COUNTIF('Registo da Rotação'!$B$6:$B$25,'Registo da Rotação'!B8)>1),1,0)) -> 0 | AH7: =IF('Registo da Rotação'!C8="",0,IF(OR('Registo da Rotação'!E8='Registo da Rotação'!F8,AND('Registo da Rotação'!D8="Concluído",'Registo da Rotação'!G8="Ainda não avaliado")),1,0)) -> 0
A8: Ivan Cristiano Silva Mendes | C8: m4 | E8: S04 | O8: =IF('Registo da Rotação'!A57="",0,IF(COUNTA('Registo da Rotação'!B57:K57)<10,1,0)) -> 0 | P8: =IF('Registo da Rotação'!A57="",0,IF(COUNTIF('Registo da Rotação'!$C$6:$C$25,'Registo da Rotação'!C57)=0,1,0)) -> 0 | Q8: =IF('Registo da Rotação'!A57="",0,IF(OR('Registo da Rotação'!F57='Registo da Rotação'!G57,'Registo da Rotação'!F57='Registo da Rotação'!H57,'Registo da Rotação'!G57='Registo da Rotação'!H57),1,0)) -> 0 | R8: =IF('Registo da Rotação'!A57="",0,IF(AND(IFERROR(VLOOKUP('Registo da Rotação'!C57,'Registo da Rotação'!$C$6:$D$25,2,FALSE),"")="Concluído",OR('Registo da Rotação'!I57="Ainda não avaliado",'Registo da Rotação'!J57="Ainda não avaliado",'Registo da Rotação'!K57="Ainda não avaliado")),1,0)) -> 0 | S8: =IF('Registo da Rotação'!A57="",0,IF(AND('Registo da Rotação'!G57=IFERROR(LOOKUP(2,1/('Registo da Rotação'!$F$54:'Registo da Rotação'!F56='Registo da Rotação'!F57),'Registo da Rotação'!$G$54:'Registo da Rotação'!G56),""),'Registo da Rotação'!H57=IFERROR(LOOKUP(2,1/('Registo da Rotação'!$F$54:'Registo da Rotação'!F56='Registo da Rotação'!F57),'Registo da Rotação'!$H$54:'Registo da Rotação'!H56),"")),1,0)) -> 0 | T8: =IF('Registo da Rotação'!A57="",0,IF(IFERROR(LOOKUP(2,1/(('Registo da Rotação'!$F$54:'Registo da Rotação'!F56='Registo da Rotação'!F57)*('Registo da Rotação'!$G$54:'Registo da Rotação'!G56='Registo da Rotação'!G57)*('Registo da Rotação'!$H$54:'Registo da Rotação'!H56='Registo da Rotação'!H57)),ROW('Registo da Rotação'!$F$54:'Registo da Rotação'!F56)),0)=0,0,IF(OR('Listas de apoio'!$A$5="",'Listas de apoio'!$A$5='Registo da Rotação'!F57,'Listas de apoio'!$A$5='Registo da Rotação'!G57,'Listas de apoio'!$A$5='Registo da Rotação'!H57),0,IF(SUMPRODUCT(--('Registo da Rotação'!$F$54:'Registo da Rotação'!F56='Registo da Rotação'!F57),--(ROW('Registo da Rotação'!$F$54:'Registo da Rotação'!F56)>IFERROR(LOOKUP(2,1/(('Registo da Rotação'!$F$54:'Registo da Rotação'!F56='Registo da Rotação'!F57)*('Registo da Rotação'!$G$54:'Registo da Rotação'!G56='Registo da Rotação'!G57)*('Registo da Rotação'!$H$54:'Registo da Rotação'!H56='Registo da Rotação'!H57)),ROW('Registo da Rotação'!$F$54:'Registo da Rotação'!F56)),0)),--((('Registo da Rotação'!$G$54:'Registo da Rotação'!G56='Listas de apoio'!$A$5)+('Registo da Rotação'!$H$54:'Registo da Rotação'!H56='Listas de apoio'!$A$5))>0))>0,0,1))+IF(OR('Listas de apoio'!$A$6="",'Listas de apoio'!$A$6='Registo da Rotação'!F57,'Listas de apoio'!$A$6='Registo da Rotação'!G57,'Listas de apoio'!$A$6='Registo da Rotação'!H57),0,IF(SUMPRODUCT(--('Registo da Rotação'!$F$54:'Registo da Rotação'!F56='Registo da Rotação'!F57),--(ROW('Registo da Rotação'!$F$54:'Registo da Rotação'!F56)>IFERROR(LOOKUP(2,1/(('Registo da Rotação'!$F$54:'Registo da Rotação'!F56='Registo da Rotação'!F57)*('Registo da Rotação'!$G$54:'Registo da Rotação'!G56='Registo da Rotação'!G57)*('Registo da Rotação'!$H$54:'Registo da Rotação'!H56='Registo da Rotação'!H57)),ROW('Registo da Rotação'!$F$54:'Registo da Rotação'!F56)),0)),--((('Registo da Rotação'!$G$54:'Registo da Rotação'!G56='Listas de apoio'!$A$6)+('Registo da Rotação'!$H$54:'Registo da Rotação'!H56='Listas de apoio'!$A$6))>0))>0,0,1))+IF(OR('Listas de apoio'!$A$7="",'Listas de apoio'!$A$7='Registo da Rotação'!F57,'Listas de apoio'!$A$7='Registo da Rotação'!G57,'Listas de apoio'!$A$7='Registo da Rotação'!H57),0,IF(SUMPRODUCT(--('Registo da Rotação'!$F$54:'Registo da Rotação'!F56='Registo da Rotação'!F57),--(ROW('Registo da Rotação'!$F$54:'Registo da Rotação'!F56)>IFERROR(LOOKUP(2,1/(('Registo da Rotação'!$F$54:'Registo da Rotação'!F56='Registo da Rotação'!F57)*('Registo da Rotação'!$G$54:'Registo da Rotação'!G56='Registo da Rotação'!G57)*('Registo da Rotação'!$H$54:'Registo da Rotação'!H56='Registo da Rotação'!H57)),ROW('Registo da Rotação'!$F$54:'Registo da Rotação'!F56)),0)),--((('Registo da Rotação'!$G$54:'Registo da Rotação'!G56='Listas de apoio'!$A$7)+('Registo da Rotação'!$H$54:'Registo da Rotação'!H56='Listas de apoio'!$A$7))>0))>0,0,1))+IF(OR('Listas de apoio'!$A$8="",'Listas de apoio'!$A$8='Registo da Rotação'!F57,'Listas de apoio'!$A$8='Registo da Rotação'!G57,'Listas de apoio'!$A$8='Registo da Rotação'!H57),0,IF(SUMPRODUCT(--('Registo da Rotação'!$F$54:'Registo da Rotação'!F56='Registo da Rotação'!F57),--(ROW('Registo da Rotação'!$F$54:'Registo da Rotação'!F56)>IFERROR(LOOKUP(2,1/(('Registo da Rotação'!$F$54:'Registo da Rotação'!F56='Registo da Rotação'!F57)*('Registo da Rotação'!$G$54:'Registo da Rotação'!G56='Registo da Rotação'!G57)*('Registo da Rotação'!$H$54:'Registo da Rotação'!H56='Registo da Rotação'!H57)),ROW('Registo da Rotação'!$F$54:'Registo da Rotação'!F56)),0)),--((('Registo da Rotação'!$G$54:'Registo da Rotação'!G56='Listas de apoio'!$A$8)+('Registo da Rotação'!$H$54:'Registo da Rotação'!H56='Listas de apoio'!$A$8))>0))>0,0,1)))) -> 0 | U8: =IF('Registo da Rotação'!A57="",0,IF(OR(COUNTIF('Registo da Rotação'!$A$54:$A$162,'Registo da Rotação'!A57)>1,COUNTIFS('Registo da Rotação'!$C$54:$C$162,'Registo da Rotação'!C57,'Registo da Rotação'!$D$54:$D$162,'Registo da Rotação'!D57)>1),1,0)) -> 0 | W8: =IF('Registo da Rotação'!C171="",0,IF(COUNTA('Registo da Rotação'!A171:H171)<8,1,0)) -> 0 | X8: =IF('Registo da Rotação'!C171="",0,IF('Registo da Rotação'!E171='Registo da Rotação'!F171,1,0)) -> 0 | Y8: =IF('Registo da Rotação'!C171="",0,IF(COUNTIF('Registo da Rotação'!$C$6:$C$25,'Registo da Rotação'!B171)=0,1,0)) -> 0 | Z8: =IF('Registo da Rotação'!C171="",0,IF('Registo da Rotação'!D171="Executor",IF(COUNTIFS('Registo da Rotação'!$B$54:$B$162,'Registo da Rotação'!A171,'Registo da Rotação'!$C$54:$C$162,'Registo da Rotação'!B171,'Registo da Rotação'!$D$54:$D$162,'Registo da Rotação'!C171,'Registo da Rotação'!$G$54:$G$162,'Registo da Rotação'!F171)+COUNTIFS('Registo da Rotação'!$B$54:$B$162,'Registo da Rotação'!A171,'Registo da Rotação'!$C$54:$C$162,'Registo da Rotação'!B171,'Registo da Rotação'!$D$54:$D$162,'Registo da Rotação'!C171,'Registo da Rotação'!$H$54:$H$162,'Registo da Rotação'!F171)>0,1,0),IF('Registo da Rotação'!D171="Revisor",IF(COUNTIFS('Registo da Rotação'!$B$54:$B$162,'Registo da Rotação'!A171,'Registo da Rotação'!$C$54:$C$162,'Registo da Rotação'!B171,'Registo da Rotação'!$D$54:$D$162,'Registo da Rotação'!C171,'Registo da Rotação'!$F$54:$F$162,'Registo da Rotação'!F171)+COUNTIFS('Registo da Rotação'!$B$54:$B$162,'Registo da Rotação'!A171,'Registo da Rotação'!$C$54:$C$162,'Registo da Rotação'!B171,'Registo da Rotação'!$D$54:$D$162,'Registo da Rotação'!C171,'Registo da Rotação'!$H$54:$H$162,'Registo da Rotação'!F171)>0,1,0),IF('Registo da Rotação'!D171="Auditor",IF(COUNTIFS('Registo da Rotação'!$B$54:$B$162,'Registo da Rotação'!A171,'Registo da Rotação'!$C$54:$C$162,'Registo da Rotação'!B171,'Registo da Rotação'!$D$54:$D$162,'Registo da Rotação'!C171,'Registo da Rotação'!$F$54:$F$162,'Registo da Rotação'!F171)+COUNTIFS('Registo da Rotação'!$B$54:$B$162,'Registo da Rotação'!A171,'Registo da Rotação'!$C$54:$C$162,'Registo da Rotação'!B171,'Registo da Rotação'!$D$54:$D$162,'Registo da Rotação'!C171,'Registo da Rotação'!$G$54:$G$162,'Registo da Rotação'!F171)>0,1,0),0)))) -> 0 | AA8: =IF('Registo da Rotação'!C171="",0,IF('Registo da Rotação'!D171="Executor",IF(COUNTIFS('Registo da Rotação'!$B$54:$B$162,'Registo da Rotação'!A171,'Registo da Rotação'!$C$54:$C$162,'Registo da Rotação'!B171,'Registo da Rotação'!$D$54:$D$162,'Registo da Rotação'!C171,'Registo da Rotação'!$F$54:$F$162,'Registo da Rotação'!E171)=0,1,0),IF('Registo da Rotação'!D171="Revisor",IF(COUNTIFS('Registo da Rotação'!$B$54:$B$162,'Registo da Rotação'!A171,'Registo da Rotação'!$C$54:$C$162,'Registo da Rotação'!B171,'Registo da Rotação'!$D$54:$D$162,'Registo da Rotação'!C171,'Registo da Rotação'!$G$54:$G$162,'Registo da Rotação'!E171)=0,1,0),IF('Registo da Rotação'!D171="Auditor",IF(COUNTIFS('Registo da Rotação'!$B$54:$B$162,'Registo da Rotação'!A171,'Registo da Rotação'!$C$54:$C$162,'Registo da Rotação'!B171,'Registo da Rotação'!$D$54:$D$162,'Registo da Rotação'!C171,'Registo da Rotação'!$H$54:$H$162,'Registo da Rotação'!E171)=0,1,0),0)))) -> 0 | AB8: =IF('Registo da Rotação'!C171="",0,IF(AND(COUNTIFS('Registo da Rotação'!$C$6:$C$25,'Registo da Rotação'!B171,'Registo da Rotação'!$D$6:$D$25,"Concluído")>0,'Registo da Rotação'!H171="Ainda não avaliado"),1,0)) -> 0 | AD8: =IF(COUNTA('Registo da Rotação'!C9:C11)<3,0,IF(COUNTIF('Registo da Rotação'!D9:D11,"Concluído")<3,0,IF(SUMPRODUCT(--(COUNTIF('Registo da Rotação'!F9:F11,'Registo da Rotação'!F9:F11)>1))>0,1,0))) -> 0 | AE8: =IF('Registo da Rotação'!C9="",0,IF(COUNTIF('Registo da Rotação'!$A$29:$A$48,'Registo da Rotação'!C9)=0,1,0)) -> 0 | AF8: =IF('Registo da Rotação'!A32="",0,IF(AND('Registo da Rotação'!B32="Concluído",OR('Registo da Rotação'!K32="Ainda não aplicável",'Registo da Rotação'!O32="Ainda não aplicável")),1,0)) -> 0 | AG8: =IF('Registo da Rotação'!C9="",0,IF(OR(COUNTIF('Registo da Rotação'!$C$6:$C$25,'Registo da Rotação'!C9)>1,COUNTIF('Registo da Rotação'!$B$6:$B$25,'Registo da Rotação'!B9)>1),1,0)) -> 0 | AH8: =IF('Registo da Rotação'!C9="",0,IF(OR('Registo da Rotação'!E9='Registo da Rotação'!F9,AND('Registo da Rotação'!D9="Concluído",'Registo da Rotação'!G9="Ainda não avaliado")),1,0)) -> 0
E9: S05 | O9: =IF('Registo da Rotação'!A58="",0,IF(COUNTA('Registo da Rotação'!B58:K58)<10,1,0)) -> 0 | P9: =IF('Registo da Rotação'!A58="",0,IF(COUNTIF('Registo da Rotação'!$C$6:$C$25,'Registo da Rotação'!C58)=0,1,0)) -> 0 | Q9: =IF('Registo da Rotação'!A58="",0,IF(OR('Registo da Rotação'!F58='Registo da Rotação'!G58,'Registo da Rotação'!F58='Registo da Rotação'!H58,'Registo da Rotação'!G58='Registo da Rotação'!H58),1,0)) -> 0 | R9: =IF('Registo da Rotação'!A58="",0,IF(AND(IFERROR(VLOOKUP('Registo da Rotação'!C58,'Registo da Rotação'!$C$6:$D$25,2,FALSE),"")="Concluído",OR('Registo da Rotação'!I58="Ainda não avaliado",'Registo da Rotação'!J58="Ainda não avaliado",'Registo da Rotação'!K58="Ainda não avaliado")),1,0)) -> 0 | S9: =IF('Registo da Rotação'!A58="",0,IF(AND('Registo da Rotação'!G58=IFERROR(LOOKUP(2,1/('Registo da Rotação'!$F$54:'Registo da Rotação'!F57='Registo da Rotação'!F58),'Registo da Rotação'!$G$54:'Registo da Rotação'!G57),""),'Registo da Rotação'!H58=IFERROR(LOOKUP(2,1/('Registo da Rotação'!$F$54:'Registo da Rotação'!F57='Registo da Rotação'!F58),'Registo da Rotação'!$H$54:'Registo da Rotação'!H57),"")),1,0)) -> 0 | T9: =IF('Registo da Rotação'!A58="",0,IF(IFERROR(LOOKUP(2,1/(('Registo da Rotação'!$F$54:'Registo da Rotação'!F57='Registo da Rotação'!F58)*('Registo da Rotação'!$G$54:'Registo da Rotação'!G57='Registo da Rotação'!G58)*('Registo da Rotação'!$H$54:'Registo da Rotação'!H57='Registo da Rotação'!H58)),ROW('Registo da Rotação'!$F$54:'Registo da Rotação'!F57)),0)=0,0,IF(OR('Listas de apoio'!$A$5="",'Listas de apoio'!$A$5='Registo da Rotação'!F58,'Listas de apoio'!$A$5='Registo da Rotação'!G58,'Listas de apoio'!$A$5='Registo da Rotação'!H58),0,IF(SUMPRODUCT(--('Registo da Rotação'!$F$54:'Registo da Rotação'!F57='Registo da Rotação'!F58),--(ROW('Registo da Rotação'!$F$54:'Registo da Rotação'!F57)>IFERROR(LOOKUP(2,1/(('Registo da Rotação'!$F$54:'Registo da Rotação'!F57='Registo da Rotação'!F58)*('Registo da Rotação'!$G$54:'Registo da Rotação'!G57='Registo da Rotação'!G58)*('Registo da Rotação'!$H$54:'Registo da Rotação'!H57='Registo da Rotação'!H58)),ROW('Registo da Rotação'!$F$54:'Registo da Rotação'!F57)),0)),--((('Registo da Rotação'!$G$54:'Registo da Rotação'!G57='Listas de apoio'!$A$5)+('Registo da Rotação'!$H$54:'Registo da Rotação'!H57='Listas de apoio'!$A$5))>0))>0,0,1))+IF(OR('Listas de apoio'!$A$6="",'Listas de apoio'!$A$6='Registo da Rotação'!F58,'Listas de apoio'!$A$6='Registo da Rotação'!G58,'Listas de apoio'!$A$6='Registo da Rotação'!H58),0,IF(SUMPRODUCT(--('Registo da Rotação'!$F$54:'Registo da Rotação'!F57='Registo da Rotação'!F58),--(ROW('Registo da Rotação'!$F$54:'Registo da Rotação'!F57)>IFERROR(LOOKUP(2,1/(('Registo da Rotação'!$F$54:'Registo da Rotação'!F57='Registo da Rotação'!F58)*('Registo da Rotação'!$G$54:'Registo da Rotação'!G57='Registo da Rotação'!G58)*('Registo da Rotação'!$H$54:'Registo da Rotação'!H57='Registo da Rotação'!H58)),ROW('Registo da Rotação'!$F$54:'Registo da Rotação'!F57)),0)),--((('Registo da Rotação'!$G$54:'Registo da Rotação'!G57='Listas de apoio'!$A$6)+('Registo da Rotação'!$H$54:'Registo da Rotação'!H57='Listas de apoio'!$A$6))>0))>0,0,1))+IF(OR('Listas de apoio'!$A$7="",'Listas de apoio'!$A$7='Registo da Rotação'!F58,'Listas de apoio'!$A$7='Registo da Rotação'!G58,'Listas de apoio'!$A$7='Registo da Rotação'!H58),0,IF(SUMPRODUCT(--('Registo da Rotação'!$F$54:'Registo da Rotação'!F57='Registo da Rotação'!F58),--(ROW('Registo da Rotação'!$F$54:'Registo da Rotação'!F57)>IFERROR(LOOKUP(2,1/(('Registo da Rotação'!$F$54:'Registo da Rotação'!F57='Registo da Rotação'!F58)*('Registo da Rotação'!$G$54:'Registo da Rotação'!G57='Registo da Rotação'!G58)*('Registo da Rotação'!$H$54:'Registo da Rotação'!H57='Registo da Rotação'!H58)),ROW('Registo da Rotação'!$F$54:'Registo da Rotação'!F57)),0)),--((('Registo da Rotação'!$G$54:'Registo da Rotação'!G57='Listas de apoio'!$A$7)+('Registo da Rotação'!$H$54:'Registo da Rotação'!H57='Listas de apoio'!$A$7))>0))>0,0,1))+IF(OR('Listas de apoio'!$A$8="",'Listas de apoio'!$A$8='Registo da Rotação'!F58,'Listas de apoio'!$A$8='Registo da Rotação'!G58,'Listas de apoio'!$A$8='Registo da Rotação'!H58),0,IF(SUMPRODUCT(--('Registo da Rotação'!$F$54:'Registo da Rotação'!F57='Registo da Rotação'!F58),--(ROW('Registo da Rotação'!$F$54:'Registo da Rotação'!F57)>IFERROR(LOOKUP(2,1/(('Registo da Rotação'!$F$54:'Registo da Rotação'!F57='Registo da Rotação'!F58)*('Registo da Rotação'!$G$54:'Registo da Rotação'!G57='Registo da Rotação'!G58)*('Registo da Rotação'!$H$54:'Registo da Rotação'!H57='Registo da Rotação'!H58)),ROW('Registo da Rotação'!$F$54:'Registo da Rotação'!F57)),0)),--((('Registo da Rotação'!$G$54:'Registo da Rotação'!G57='Listas de apoio'!$A$8)+('Registo da Rotação'!$H$54:'Registo da Rotação'!H57='Listas de apoio'!$A$8))>0))>0,0,1)))) -> 0 | U9: =IF('Registo da Rotação'!A58="",0,IF(OR(COUNTIF('Registo da Rotação'!$A$54:$A$162,'Registo da Rotação'!A58)>1,COUNTIFS('Registo da Rotação'!$C$54:$C$162,'Registo da Rotação'!C58,'Registo da Rotação'!$D$54:$D$162,'Registo da Rotação'!D58)>1),1,0)) -> 0 | W9: =IF('Registo da Rotação'!C172="",0,IF(COUNTA('Registo da Rotação'!A172:H172)<8,1,0)) -> 0 | X9: =IF('Registo da Rotação'!C172="",0,IF('Registo da Rotação'!E172='Registo da Rotação'!F172,1,0)) -> 0 | Y9: =IF('Registo da Rotação'!C172="",0,IF(COUNTIF('Registo da Rotação'!$C$6:$C$25,'Registo da Rotação'!B172)=0,1,0)) -> 0 | Z9: =IF('Registo da Rotação'!C172="",0,IF('Registo da Rotação'!D172="Executor",IF(COUNTIFS('Registo da Rotação'!$B$54:$B$162,'Registo da Rotação'!A172,'Registo da Rotação'!$C$54:$C$162,'Registo da Rotação'!B172,'Registo da Rotação'!$D$54:$D$162,'Registo da Rotação'!C172,'Registo da Rotação'!$G$54:$G$162,'Registo da Rotação'!F172)+COUNTIFS('Registo da Rotação'!$B$54:$B$162,'Registo da Rotação'!A172,'Registo da Rotação'!$C$54:$C$162,'Registo da Rotação'!B172,'Registo da Rotação'!$D$54:$D$162,'Registo da Rotação'!C172,'Registo da Rotação'!$H$54:$H$162,'Registo da Rotação'!F172)>0,1,0),IF('Registo da Rotação'!D172="Revisor",IF(COUNTIFS('Registo da Rotação'!$B$54:$B$162,'Registo da Rotação'!A172,'Registo da Rotação'!$C$54:$C$162,'Registo da Rotação'!B172,'Registo da Rotação'!$D$54:$D$162,'Registo da Rotação'!C172,'Registo da Rotação'!$F$54:$F$162,'Registo da Rotação'!F172)+COUNTIFS('Registo da Rotação'!$B$54:$B$162,'Registo da Rotação'!A172,'Registo da Rotação'!$C$54:$C$162,'Registo da Rotação'!B172,'Registo da Rotação'!$D$54:$D$162,'Registo da Rotação'!C172,'Registo da Rotação'!$H$54:$H$162,'Registo da Rotação'!F172)>0,1,0),IF('Registo da Rotação'!D172="Auditor",IF(COUNTIFS('Registo da Rotação'!$B$54:$B$162,'Registo da Rotação'!A172,'Registo da Rotação'!$C$54:$C$162,'Registo da Rotação'!B172,'Registo da Rotação'!$D$54:$D$162,'Registo da Rotação'!C172,'Registo da Rotação'!$F$54:$F$162,'Registo da Rotação'!F172)+COUNTIFS('Registo da Rotação'!$B$54:$B$162,'Registo da Rotação'!A172,'Registo da Rotação'!$C$54:$C$162,'Registo da Rotação'!B172,'Registo da Rotação'!$D$54:$D$162,'Registo da Rotação'!C172,'Registo da Rotação'!$G$54:$G$162,'Registo da Rotação'!F172)>0,1,0),0)))) -> 0 | AA9: =IF('Registo da Rotação'!C172="",0,IF('Registo da Rotação'!D172="Executor",IF(COUNTIFS('Registo da Rotação'!$B$54:$B$162,'Registo da Rotação'!A172,'Registo da Rotação'!$C$54:$C$162,'Registo da Rotação'!B172,'Registo da Rotação'!$D$54:$D$162,'Registo da Rotação'!C172,'Registo da Rotação'!$F$54:$F$162,'Registo da Rotação'!E172)=0,1,0),IF('Registo da Rotação'!D172="Revisor",IF(COUNTIFS('Registo da Rotação'!$B$54:$B$162,'Registo da Rotação'!A172,'Registo da Rotação'!$C$54:$C$162,'Registo da Rotação'!B172,'Registo da Rotação'!$D$54:$D$162,'Registo da Rotação'!C172,'Registo da Rotação'!$G$54:$G$162,'Registo da Rotação'!E172)=0,1,0),IF('Registo da Rotação'!D172="Auditor",IF(COUNTIFS('Registo da Rotação'!$B$54:$B$162,'Registo da Rotação'!A172,'Registo da Rotação'!$C$54:$C$162,'Registo da Rotação'!B172,'Registo da Rotação'!$D$54:$D$162,'Registo da Rotação'!C172,'Registo da Rotação'!$H$54:$H$162,'Registo da Rotação'!E172)=0,1,0),0)))) -> 0 | AB9: =IF('Registo da Rotação'!C172="",0,IF(AND(COUNTIFS('Registo da Rotação'!$C$6:$C$25,'Registo da Rotação'!B172,'Registo da Rotação'!$D$6:$D$25,"Concluído")>0,'Registo da Rotação'!H172="Ainda não avaliado"),1,0)) -> 0 | AD9: =IF(COUNTA('Registo da Rotação'!C10:C12)<3,0,IF(COUNTIF('Registo da Rotação'!D10:D12,"Concluído")<3,0,IF(SUMPRODUCT(--(COUNTIF('Registo da Rotação'!F10:F12,'Registo da Rotação'!F10:F12)>1))>0,1,0))) -> 0 | AE9: =IF('Registo da Rotação'!C10="",0,IF(COUNTIF('Registo da Rotação'!$A$29:$A$48,'Registo da Rotação'!C10)=0,1,0)) -> 0 | AF9: =IF('Registo da Rotação'!A33="",0,IF(AND('Registo da Rotação'!B33="Concluído",OR('Registo da Rotação'!K33="Ainda não aplicável",'Registo da Rotação'!O33="Ainda não aplicável")),1,0)) -> 0 | AG9: =IF('Registo da Rotação'!C10="",0,IF(OR(COUNTIF('Registo da Rotação'!$C$6:$C$25,'Registo da Rotação'!C10)>1,COUNTIF('Registo da Rotação'!$B$6:$B$25,'Registo da Rotação'!B10)>1),1,0)) -> 0 | AH9: =IF('Registo da Rotação'!C10="",0,IF(OR('Registo da Rotação'!E10='Registo da Rotação'!F10,AND('Registo da Rotação'!D10="Concluído",'Registo da Rotação'!G10="Ainda não avaliado")),1,0)) -> 0
E10: S06 | O10: =IF('Registo da Rotação'!A59="",0,IF(COUNTA('Registo da Rotação'!B59:K59)<10,1,0)) -> 0 | P10: =IF('Registo da Rotação'!A59="",0,IF(COUNTIF('Registo da Rotação'!$C$6:$C$25,'Registo da Rotação'!C59)=0,1,0)) -> 0 | Q10: =IF('Registo da Rotação'!A59="",0,IF(OR('Registo da Rotação'!F59='Registo da Rotação'!G59,'Registo da Rotação'!F59='Registo da Rotação'!H59,'Registo da Rotação'!G59='Registo da Rotação'!H59),1,0)) -> 1 | R10: =IF('Registo da Rotação'!A59="",0,IF(AND(IFERROR(VLOOKUP('Registo da Rotação'!C59,'Registo da Rotação'!$C$6:$D$25,2,FALSE),"")="Concluído",OR('Registo da Rotação'!I59="Ainda não avaliado",'Registo da Rotação'!J59="Ainda não avaliado",'Registo da Rotação'!K59="Ainda não avaliado")),1,0)) -> 0 | S10: =IF('Registo da Rotação'!A59="",0,IF(AND('Registo da Rotação'!G59=IFERROR(LOOKUP(2,1/('Registo da Rotação'!$F$54:'Registo da Rotação'!F58='Registo da Rotação'!F59),'Registo da Rotação'!$G$54:'Registo da Rotação'!G58),""),'Registo da Rotação'!H59=IFERROR(LOOKUP(2,1/('Registo da Rotação'!$F$54:'Registo da Rotação'!F58='Registo da Rotação'!F59),'Registo da Rotação'!$H$54:'Registo da Rotação'!H58),"")),1,0)) -> 1 | T10: =IF('Registo da Rotação'!A59="",0,IF(IFERROR(LOOKUP(2,1/(('Registo da Rotação'!$F$54:'Registo da Rotação'!F58='Registo da Rotação'!F59)*('Registo da Rotação'!$G$54:'Registo da Rotação'!G58='Registo da Rotação'!G59)*('Registo da Rotação'!$H$54:'Registo da Rotação'!H58='Registo da Rotação'!H59)),ROW('Registo da Rotação'!$F$54:'Registo da Rotação'!F58)),0)=0,0,IF(OR('Listas de apoio'!$A$5="",'Listas de apoio'!$A$5='Registo da Rotação'!F59,'Listas de apoio'!$A$5='Registo da Rotação'!G59,'Listas de apoio'!$A$5='Registo da Rotação'!H59),0,IF(SUMPRODUCT(--('Registo da Rotação'!$F$54:'Registo da Rotação'!F58='Registo da Rotação'!F59),--(ROW('Registo da Rotação'!$F$54:'Registo da Rotação'!F58)>IFERROR(LOOKUP(2,1/(('Registo da Rotação'!$F$54:'Registo da Rotação'!F58='Registo da Rotação'!F59)*('Registo da Rotação'!$G$54:'Registo da Rotação'!G58='Registo da Rotação'!G59)*('Registo da Rotação'!$H$54:'Registo da Rotação'!H58='Registo da Rotação'!H59)),ROW('Registo da Rotação'!$F$54:'Registo da Rotação'!F58)),0)),--((('Registo da Rotação'!$G$54:'Registo da Rotação'!G58='Listas de apoio'!$A$5)+('Registo da Rotação'!$H$54:'Registo da Rotação'!H58='Listas de apoio'!$A$5))>0))>0,0,1))+IF(OR('Listas de apoio'!$A$6="",'Listas de apoio'!$A$6='Registo da Rotação'!F59,'Listas de apoio'!$A$6='Registo da Rotação'!G59,'Listas de apoio'!$A$6='Registo da Rotação'!H59),0,IF(SUMPRODUCT(--('Registo da Rotação'!$F$54:'Registo da Rotação'!F58='Registo da Rotação'!F59),--(ROW('Registo da Rotação'!$F$54:'Registo da Rotação'!F58)>IFERROR(LOOKUP(2,1/(('Registo da Rotação'!$F$54:'Registo da Rotação'!F58='Registo da Rotação'!F59)*('Registo da Rotação'!$G$54:'Registo da Rotação'!G58='Registo da Rotação'!G59)*('Registo da Rotação'!$H$54:'Registo da Rotação'!H58='Registo da Rotação'!H59)),ROW('Registo da Rotação'!$F$54:'Registo da Rotação'!F58)),0)),--((('Registo da Rotação'!$G$54:'Registo da Rotação'!G58='Listas de apoio'!$A$6)+('Registo da Rotação'!$H$54:'Registo da Rotação'!H58='Listas de apoio'!$A$6))>0))>0,0,1))+IF(OR('Listas de apoio'!$A$7="",'Listas de apoio'!$A$7='Registo da Rotação'!F59,'Listas de apoio'!$A$7='Registo da Rotação'!G59,'Listas de apoio'!$A$7='Registo da Rotação'!H59),0,IF(SUMPRODUCT(--('Registo da Rotação'!$F$54:'Registo da Rotação'!F58='Registo da Rotação'!F59),--(ROW('Registo da Rotação'!$F$54:'Registo da Rotação'!F58)>IFERROR(LOOKUP(2,1/(('Registo da Rotação'!$F$54:'Registo da Rotação'!F58='Registo da Rotação'!F59)*('Registo da Rotação'!$G$54:'Registo da Rotação'!G58='Registo da Rotação'!G59)*('Registo da Rotação'!$H$54:'Registo da Rotação'!H58='Registo da Rotação'!H59)),ROW('Registo da Rotação'!$F$54:'Registo da Rotação'!F58)),0)),--((('Registo da Rotação'!$G$54:'Registo da Rotação'!G58='Listas de apoio'!$A$7)+('Registo da Rotação'!$H$54:'Registo da Rotação'!H58='Listas de apoio'!$A$7))>0))>0,0,1))+IF(OR('Listas de apoio'!$A$8="",'Listas de apoio'!$A$8='Registo da Rotação'!F59,'Listas de apoio'!$A$8='Registo da Rotação'!G59,'Listas de apoio'!$A$8='Registo da Rotação'!H59),0,IF(SUMPRODUCT(--('Registo da Rotação'!$F$54:'Registo da Rotação'!F58='Registo da Rotação'!F59),--(ROW('Registo da Rotação'!$F$54:'Registo da Rotação'!F58)>IFERROR(LOOKUP(2,1/(('Registo da Rotação'!$F$54:'Registo da Rotação'!F58='Registo da Rotação'!F59)*('Registo da Rotação'!$G$54:'Registo da Rotação'!G58='Registo da Rotação'!G59)*('Registo da Rotação'!$H$54:'Registo da Rotação'!H58='Registo da Rotação'!H59)),ROW('Registo da Rotação'!$F$54:'Registo da Rotação'!F58)),0)),--((('Registo da Rotação'!$G$54:'Registo da Rotação'!G58='Listas de apoio'!$A$8)+('Registo da Rotação'!$H$54:'Registo da Rotação'!H58='Listas de apoio'!$A$8))>0))>0,0,1)))) -> 2 | U10: =IF('Registo da Rotação'!A59="",0,IF(OR(COUNTIF('Registo da Rotação'!$A$54:$A$162,'Registo da Rotação'!A59)>1,COUNTIFS('Registo da Rotação'!$C$54:$C$162,'Registo da Rotação'!C59,'Registo da Rotação'!$D$54:$D$162,'Registo da Rotação'!D59)>1),1,0)) -> 0 | W10: =IF('Registo da Rotação'!C173="",0,IF(COUNTA('Registo da Rotação'!A173:H173)<8,1,0)) -> 0 | X10: =IF('Registo da Rotação'!C173="",0,IF('Registo da Rotação'!E173='Registo da Rotação'!F173,1,0)) -> 0 | Y10: =IF('Registo da Rotação'!C173="",0,IF(COUNTIF('Registo da Rotação'!$C$6:$C$25,'Registo da Rotação'!B173)=0,1,0)) -> 0 | Z10: =IF('Registo da Rotação'!C173="",0,IF('Registo da Rotação'!D173="Executor",IF(COUNTIFS('Registo da Rotação'!$B$54:$B$162,'Registo da Rotação'!A173,'Registo da Rotação'!$C$54:$C$162,'Registo da Rotação'!B173,'Registo da Rotação'!$D$54:$D$162,'Registo da Rotação'!C173,'Registo da Rotação'!$G$54:$G$162,'Registo da Rotação'!F173)+COUNTIFS('Registo da Rotação'!$B$54:$B$162,'Registo da Rotação'!A173,'Registo da Rotação'!$C$54:$C$162,'Registo da Rotação'!B173,'Registo da Rotação'!$D$54:$D$162,'Registo da Rotação'!C173,'Registo da Rotação'!$H$54:$H$162,'Registo da Rotação'!F173)>0,1,0),IF('Registo da Rotação'!D173="Revisor",IF(COUNTIFS('Registo da Rotação'!$B$54:$B$162,'Registo da Rotação'!A173,'Registo da Rotação'!$C$54:$C$162,'Registo da Rotação'!B173,'Registo da Rotação'!$D$54:$D$162,'Registo da Rotação'!C173,'Registo da Rotação'!$F$54:$F$162,'Registo da Rotação'!F173)+COUNTIFS('Registo da Rotação'!$B$54:$B$162,'Registo da Rotação'!A173,'Registo da Rotação'!$C$54:$C$162,'Registo da Rotação'!B173,'Registo da Rotação'!$D$54:$D$162,'Registo da Rotação'!C173,'Registo da Rotação'!$H$54:$H$162,'Registo da Rotação'!F173)>0,1,0),IF('Registo da Rotação'!D173="Auditor",IF(COUNTIFS('Registo da Rotação'!$B$54:$B$162,'Registo da Rotação'!A173,'Registo da Rotação'!$C$54:$C$162,'Registo da Rotação'!B173,'Registo da Rotação'!$D$54:$D$162,'Registo da Rotação'!C173,'Registo da Rotação'!$F$54:$F$162,'Registo da Rotação'!F173)+COUNTIFS('Registo da Rotação'!$B$54:$B$162,'Registo da Rotação'!A173,'Registo da Rotação'!$C$54:$C$162,'Registo da Rotação'!B173,'Registo da Rotação'!$D$54:$D$162,'Registo da Rotação'!C173,'Registo da Rotação'!$G$54:$G$162,'Registo da Rotação'!F173)>0,1,0),0)))) -> 0 | AA10: =IF('Registo da Rotação'!C173="",0,IF('Registo da Rotação'!D173="Executor",IF(COUNTIFS('Registo da Rotação'!$B$54:$B$162,'Registo da Rotação'!A173,'Registo da Rotação'!$C$54:$C$162,'Registo da Rotação'!B173,'Registo da Rotação'!$D$54:$D$162,'Registo da Rotação'!C173,'Registo da Rotação'!$F$54:$F$162,'Registo da Rotação'!E173)=0,1,0),IF('Registo da Rotação'!D173="Revisor",IF(COUNTIFS('Registo da Rotação'!$B$54:$B$162,'Registo da Rotação'!A173,'Registo da Rotação'!$C$54:$C$162,'Registo da Rotação'!B173,'Registo da Rotação'!$D$54:$D$162,'Registo da Rotação'!C173,'Registo da Rotação'!$G$54:$G$162,'Registo da Rotação'!E173)=0,1,0),IF('Registo da Rotação'!D173="Auditor",IF(COUNTIFS('Registo da Rotação'!$B$54:$B$162,'Registo da Rotação'!A173,'Registo da Rotação'!$C$54:$C$162,'Registo da Rotação'!B173,'Registo da Rotação'!$D$54:$D$162,'Registo da Rotação'!C173,'Registo da Rotação'!$H$54:$H$162,'Registo da Rotação'!E173)=0,1,0),0)))) -> 0 | AB10: =IF('Registo da Rotação'!C173="",0,IF(AND(COUNTIFS('Registo da Rotação'!$C$6:$C$25,'Registo da Rotação'!B173,'Registo da Rotação'!$D$6:$D$25,"Concluído")>0,'Registo da Rotação'!H173="Ainda não avaliado"),1,0)) -> 0 | AD10: =IF(COUNTA('Registo da Rotação'!C11:C13)<3,0,IF(COUNTIF('Registo da Rotação'!D11:D13,"Concluído")<3,0,IF(SUMPRODUCT(--(COUNTIF('Registo da Rotação'!F11:F13,'Registo da Rotação'!F11:F13)>1))>0,1,0))) -> 0 | AE10: =IF('Registo da Rotação'!C11="",0,IF(COUNTIF('Registo da Rotação'!$A$29:$A$48,'Registo da Rotação'!C11)=0,1,0)) -> 0 | AF10: =IF('Registo da Rotação'!A34="",0,IF(AND('Registo da Rotação'!B34="Concluído",OR('Registo da Rotação'!K34="Ainda não aplicável",'Registo da Rotação'!O34="Ainda não aplicável")),1,0)) -> 0 | AG10: =IF('Registo da Rotação'!C11="",0,IF(OR(COUNTIF('Registo da Rotação'!$C$6:$C$25,'Registo da Rotação'!C11)>1,COUNTIF('Registo da Rotação'!$B$6:$B$25,'Registo da Rotação'!B11)>1),1,0)) -> 0 | AH10: =IF('Registo da Rotação'!C11="",0,IF(OR('Registo da Rotação'!E11='Registo da Rotação'!F11,AND('Registo da Rotação'!D11="Concluído",'Registo da Rotação'!G11="Ainda não avaliado")),1,0)) -> 0
E11: S07 | O11: =IF('Registo da Rotação'!A60="",0,IF(COUNTA('Registo da Rotação'!B60:K60)<10,1,0)) -> 0 | P11: =IF('Registo da Rotação'!A60="",0,IF(COUNTIF('Registo da Rotação'!$C$6:$C$25,'Registo da Rotação'!C60)=0,1,0)) -> 0 | Q11: =IF('Registo da Rotação'!A60="",0,IF(OR('Registo da Rotação'!F60='Registo da Rotação'!G60,'Registo da Rotação'!F60='Registo da Rotação'!H60,'Registo da Rotação'!G60='Registo da Rotação'!H60),1,0)) -> 1 | R11: =IF('Registo da Rotação'!A60="",0,IF(AND(IFERROR(VLOOKUP('Registo da Rotação'!C60,'Registo da Rotação'!$C$6:$D$25,2,FALSE),"")="Concluído",OR('Registo da Rotação'!I60="Ainda não avaliado",'Registo da Rotação'!J60="Ainda não avaliado",'Registo da Rotação'!K60="Ainda não avaliado")),1,0)) -> 0 | S11: =IF('Registo da Rotação'!A60="",0,IF(AND('Registo da Rotação'!G60=IFERROR(LOOKUP(2,1/('Registo da Rotação'!$F$54:'Registo da Rotação'!F59='Registo da Rotação'!F60),'Registo da Rotação'!$G$54:'Registo da Rotação'!G59),""),'Registo da Rotação'!H60=IFERROR(LOOKUP(2,1/('Registo da Rotação'!$F$54:'Registo da Rotação'!F59='Registo da Rotação'!F60),'Registo da Rotação'!$H$54:'Registo da Rotação'!H59),"")),1,0)) -> 0 | T11: =IF('Registo da Rotação'!A60="",0,IF(IFERROR(LOOKUP(2,1/(('Registo da Rotação'!$F$54:'Registo da Rotação'!F59='Registo da Rotação'!F60)*('Registo da Rotação'!$G$54:'Registo da Rotação'!G59='Registo da Rotação'!G60)*('Registo da Rotação'!$H$54:'Registo da Rotação'!H59='Registo da Rotação'!H60)),ROW('Registo da Rotação'!$F$54:'Registo da Rotação'!F59)),0)=0,0,IF(OR('Listas de apoio'!$A$5="",'Listas de apoio'!$A$5='Registo da Rotação'!F60,'Listas de apoio'!$A$5='Registo da Rotação'!G60,'Listas de apoio'!$A$5='Registo da Rotação'!H60),0,IF(SUMPRODUCT(--('Registo da Rotação'!$F$54:'Registo da Rotação'!F59='Registo da Rotação'!F60),--(ROW('Registo da Rotação'!$F$54:'Registo da Rotação'!F59)>IFERROR(LOOKUP(2,1/(('Registo da Rotação'!$F$54:'Registo da Rotação'!F59='Registo da Rotação'!F60)*('Registo da Rotação'!$G$54:'Registo da Rotação'!G59='Registo da Rotação'!G60)*('Registo da Rotação'!$H$54:'Registo da Rotação'!H59='Registo da Rotação'!H60)),ROW('Registo da Rotação'!$F$54:'Registo da Rotação'!F59)),0)),--((('Registo da Rotação'!$G$54:'Registo da Rotação'!G59='Listas de apoio'!$A$5)+('Registo da Rotação'!$H$54:'Registo da Rotação'!H59='Listas de apoio'!$A$5))>0))>0,0,1))+IF(OR('Listas de apoio'!$A$6="",'Listas de apoio'!$A$6='Registo da Rotação'!F60,'Listas de apoio'!$A$6='Registo da Rotação'!G60,'Listas de apoio'!$A$6='Registo da Rotação'!H60),0,IF(SUMPRODUCT(--('Registo da Rotação'!$F$54:'Registo da Rotação'!F59='Registo da Rotação'!F60),--(ROW('Registo da Rotação'!$F$54:'Registo da Rotação'!F59)>IFERROR(LOOKUP(2,1/(('Registo da Rotação'!$F$54:'Registo da Rotação'!F59='Registo da Rotação'!F60)*('Registo da Rotação'!$G$54:'Registo da Rotação'!G59='Registo da Rotação'!G60)*('Registo da Rotação'!$H$54:'Registo da Rotação'!H59='Registo da Rotação'!H60)),ROW('Registo da Rotação'!$F$54:'Registo da Rotação'!F59)),0)),--((('Registo da Rotação'!$G$54:'Registo da Rotação'!G59='Listas de apoio'!$A$6)+('Registo da Rotação'!$H$54:'Registo da Rotação'!H59='Listas de apoio'!$A$6))>0))>0,0,1))+IF(OR('Listas de apoio'!$A$7="",'Listas de apoio'!$A$7='Registo da Rotação'!F60,'Listas de apoio'!$A$7='Registo da Rotação'!G60,'Listas de apoio'!$A$7='Registo da Rotação'!H60),0,IF(SUMPRODUCT(--('Registo da Rotação'!$F$54:'Registo da Rotação'!F59='Registo da Rotação'!F60),--(ROW('Registo da Rotação'!$F$54:'Registo da Rotação'!F59)>IFERROR(LOOKUP(2,1/(('Registo da Rotação'!$F$54:'Registo da Rotação'!F59='Registo da Rotação'!F60)*('Registo da Rotação'!$G$54:'Registo da Rotação'!G59='Registo da Rotação'!G60)*('Registo da Rotação'!$H$54:'Registo da Rotação'!H59='Registo da Rotação'!H60)),ROW('Registo da Rotação'!$F$54:'Registo da Rotação'!F59)),0)),--((('Registo da Rotação'!$G$54:'Registo da Rotação'!G59='Listas de apoio'!$A$7)+('Registo da Rotação'!$H$54:'Registo da Rotação'!H59='Listas de apoio'!$A$7))>0))>0,0,1))+IF(OR('Listas de apoio'!$A$8="",'Listas de apoio'!$A$8='Registo da Rotação'!F60,'Listas de apoio'!$A$8='Registo da Rotação'!G60,'Listas de apoio'!$A$8='Registo da Rotação'!H60),0,IF(SUMPRODUCT(--('Registo da Rotação'!$F$54:'Registo da Rotação'!F59='Registo da Rotação'!F60),--(ROW('Registo da Rotação'!$F$54:'Registo da Rotação'!F59)>IFERROR(LOOKUP(2,1/(('Registo da Rotação'!$F$54:'Registo da Rotação'!F59='Registo da Rotação'!F60)*('Registo da Rotação'!$G$54:'Registo da Rotação'!G59='Registo da Rotação'!G60)*('Registo da Rotação'!$H$54:'Registo da Rotação'!H59='Registo da Rotação'!H60)),ROW('Registo da Rotação'!$F$54:'Registo da Rotação'!F59)),0)),--((('Registo da Rotação'!$G$54:'Registo da Rotação'!G59='Listas de apoio'!$A$8)+('Registo da Rotação'!$H$54:'Registo da Rotação'!H59='Listas de apoio'!$A$8))>0))>0,0,1)))) -> 0 | U11: =IF('Registo da Rotação'!A60="",0,IF(OR(COUNTIF('Registo da Rotação'!$A$54:$A$162,'Registo da Rotação'!A60)>1,COUNTIFS('Registo da Rotação'!$C$54:$C$162,'Registo da Rotação'!C60,'Registo da Rotação'!$D$54:$D$162,'Registo da Rotação'!D60)>1),1,0)) -> 0 | W11: =IF('Registo da Rotação'!C174="",0,IF(COUNTA('Registo da Rotação'!A174:H174)<8,1,0)) -> 0 | X11: =IF('Registo da Rotação'!C174="",0,IF('Registo da Rotação'!E174='Registo da Rotação'!F174,1,0)) -> 0 | Y11: =IF('Registo da Rotação'!C174="",0,IF(COUNTIF('Registo da Rotação'!$C$6:$C$25,'Registo da Rotação'!B174)=0,1,0)) -> 0 | Z11: =IF('Registo da Rotação'!C174="",0,IF('Registo da Rotação'!D174="Executor",IF(COUNTIFS('Registo da Rotação'!$B$54:$B$162,'Registo da Rotação'!A174,'Registo da Rotação'!$C$54:$C$162,'Registo da Rotação'!B174,'Registo da Rotação'!$D$54:$D$162,'Registo da Rotação'!C174,'Registo da Rotação'!$G$54:$G$162,'Registo da Rotação'!F174)+COUNTIFS('Registo da Rotação'!$B$54:$B$162,'Registo da Rotação'!A174,'Registo da Rotação'!$C$54:$C$162,'Registo da Rotação'!B174,'Registo da Rotação'!$D$54:$D$162,'Registo da Rotação'!C174,'Registo da Rotação'!$H$54:$H$162,'Registo da Rotação'!F174)>0,1,0),IF('Registo da Rotação'!D174="Revisor",IF(COUNTIFS('Registo da Rotação'!$B$54:$B$162,'Registo da Rotação'!A174,'Registo da Rotação'!$C$54:$C$162,'Registo da Rotação'!B174,'Registo da Rotação'!$D$54:$D$162,'Registo da Rotação'!C174,'Registo da Rotação'!$F$54:$F$162,'Registo da Rotação'!F174)+COUNTIFS('Registo da Rotação'!$B$54:$B$162,'Registo da Rotação'!A174,'Registo da Rotação'!$C$54:$C$162,'Registo da Rotação'!B174,'Registo da Rotação'!$D$54:$D$162,'Registo da Rotação'!C174,'Registo da Rotação'!$H$54:$H$162,'Registo da Rotação'!F174)>0,1,0),IF('Registo da Rotação'!D174="Auditor",IF(COUNTIFS('Registo da Rotação'!$B$54:$B$162,'Registo da Rotação'!A174,'Registo da Rotação'!$C$54:$C$162,'Registo da Rotação'!B174,'Registo da Rotação'!$D$54:$D$162,'Registo da Rotação'!C174,'Registo da Rotação'!$F$54:$F$162,'Registo da Rotação'!F174)+COUNTIFS('Registo da Rotação'!$B$54:$B$162,'Registo da Rotação'!A174,'Registo da Rotação'!$C$54:$C$162,'Registo da Rotação'!B174,'Registo da Rotação'!$D$54:$D$162,'Registo da Rotação'!C174,'Registo da Rotação'!$G$54:$G$162,'Registo da Rotação'!F174)>0,1,0),0)))) -> 0 | AA11: =IF('Registo da Rotação'!C174="",0,IF('Registo da Rotação'!D174="Executor",IF(COUNTIFS('Registo da Rotação'!$B$54:$B$162,'Registo da Rotação'!A174,'Registo da Rotação'!$C$54:$C$162,'Registo da Rotação'!B174,'Registo da Rotação'!$D$54:$D$162,'Registo da Rotação'!C174,'Registo da Rotação'!$F$54:$F$162,'Registo da Rotação'!E174)=0,1,0),IF('Registo da Rotação'!D174="Revisor",IF(COUNTIFS('Registo da Rotação'!$B$54:$B$162,'Registo da Rotação'!A174,'Registo da Rotação'!$C$54:$C$162,'Registo da Rotação'!B174,'Registo da Rotação'!$D$54:$D$162,'Registo da Rotação'!C174,'Registo da Rotação'!$G$54:$G$162,'Registo da Rotação'!E174)=0,1,0),IF('Registo da Rotação'!D174="Auditor",IF(COUNTIFS('Registo da Rotação'!$B$54:$B$162,'Registo da Rotação'!A174,'Registo da Rotação'!$C$54:$C$162,'Registo da Rotação'!B174,'Registo da Rotação'!$D$54:$D$162,'Registo da Rotação'!C174,'Registo da Rotação'!$H$54:$H$162,'Registo da Rotação'!E174)=0,1,0),0)))) -> 0 | AB11: =IF('Registo da Rotação'!C174="",0,IF(AND(COUNTIFS('Registo da Rotação'!$C$6:$C$25,'Registo da Rotação'!B174,'Registo da Rotação'!$D$6:$D$25,"Concluído")>0,'Registo da Rotação'!H174="Ainda não avaliado"),1,0)) -> 0 | AD11: =IF(COUNTA('Registo da Rotação'!C12:C14)<3,0,IF(COUNTIF('Registo da Rotação'!D12:D14,"Concluído")<3,0,IF(SUMPRODUCT(--(COUNTIF('Registo da Rotação'!F12:F14,'Registo da Rotação'!F12:F14)>1))>0,1,0))) -> 0 | AE11: =IF('Registo da Rotação'!C12="",0,IF(COUNTIF('Registo da Rotação'!$A$29:$A$48,'Registo da Rotação'!C12)=0,1,0)) -> 0 | AF11: =IF('Registo da Rotação'!A35="",0,IF(AND('Registo da Rotação'!B35="Concluído",OR('Registo da Rotação'!K35="Ainda não aplicável",'Registo da Rotação'!O35="Ainda não aplicável")),1,0)) -> 0 | AG11: =IF('Registo da Rotação'!C12="",0,IF(OR(COUNTIF('Registo da Rotação'!$C$6:$C$25,'Registo da Rotação'!C12)>1,COUNTIF('Registo da Rotação'!$B$6:$B$25,'Registo da Rotação'!B12)>1),1,0)) -> 0 | AH11: =IF('Registo da Rotação'!C12="",0,IF(OR('Registo da Rotação'!E12='Registo da Rotação'!F12,AND('Registo da Rotação'!D12="Concluído",'Registo da Rotação'!G12="Ainda não avaliado")),1,0)) -> 0
E12: S08 | O12: =IF('Registo da Rotação'!A61="",0,IF(COUNTA('Registo da Rotação'!B61:K61)<10,1,0)) -> 0 | P12: =IF('Registo da Rotação'!A61="",0,IF(COUNTIF('Registo da Rotação'!$C$6:$C$25,'Registo da Rotação'!C61)=0,1,0)) -> 0 | Q12: =IF('Registo da Rotação'!A61="",0,IF(OR('Registo da Rotação'!F61='Registo da Rotação'!G61,'Registo da Rotação'!F61='Registo da Rotação'!H61,'Registo da Rotação'!G61='Registo da Rotação'!H61),1,0)) -> 1 | R12: =IF('Registo da Rotação'!A61="",0,IF(AND(IFERROR(VLOOKUP('Registo da Rotação'!C61,'Registo da Rotação'!$C$6:$D$25,2,FALSE),"")="Concluído",OR('Registo da Rotação'!I61="Ainda não avaliado",'Registo da Rotação'!J61="Ainda não avaliado",'Registo da Rotação'!K61="Ainda não avaliado")),1,0)) -> 0 | S12: =IF('Registo da Rotação'!A61="",0,IF(AND('Registo da Rotação'!G61=IFERROR(LOOKUP(2,1/('Registo da Rotação'!$F$54:'Registo da Rotação'!F60='Registo da Rotação'!F61),'Registo da Rotação'!$G$54:'Registo da Rotação'!G60),""),'Registo da Rotação'!H61=IFERROR(LOOKUP(2,1/('Registo da Rotação'!$F$54:'Registo da Rotação'!F60='Registo da Rotação'!F61),'Registo da Rotação'!$H$54:'Registo da Rotação'!H60),"")),1,0)) -> 1 | T12: =IF('Registo da Rotação'!A61="",0,IF(IFERROR(LOOKUP(2,1/(('Registo da Rotação'!$F$54:'Registo da Rotação'!F60='Registo da Rotação'!F61)*('Registo da Rotação'!$G$54:'Registo da Rotação'!G60='Registo da Rotação'!G61)*('Registo da Rotação'!$H$54:'Registo da Rotação'!H60='Registo da Rotação'!H61)),ROW('Registo da Rotação'!$F$54:'Registo da Rotação'!F60)),0)=0,0,IF(OR('Listas de apoio'!$A$5="",'Listas de apoio'!$A$5='Registo da Rotação'!F61,'Listas de apoio'!$A$5='Registo da Rotação'!G61,'Listas de apoio'!$A$5='Registo da Rotação'!H61),0,IF(SUMPRODUCT(--('Registo da Rotação'!$F$54:'Registo da Rotação'!F60='Registo da Rotação'!F61),--(ROW('Registo da Rotação'!$F$54:'Registo da Rotação'!F60)>IFERROR(LOOKUP(2,1/(('Registo da Rotação'!$F$54:'Registo da Rotação'!F60='Registo da Rotação'!F61)*('Registo da Rotação'!$G$54:'Registo da Rotação'!G60='Registo da Rotação'!G61)*('Registo da Rotação'!$H$54:'Registo da Rotação'!H60='Registo da Rotação'!H61)),ROW('Registo da Rotação'!$F$54:'Registo da Rotação'!F60)),0)),--((('Registo da Rotação'!$G$54:'Registo da Rotação'!G60='Listas de apoio'!$A$5)+('Registo da Rotação'!$H$54:'Registo da Rotação'!H60='Listas de apoio'!$A$5))>0))>0,0,1))+IF(OR('Listas de apoio'!$A$6="",'Listas de apoio'!$A$6='Registo da Rotação'!F61,'Listas de apoio'!$A$6='Registo da Rotação'!G61,'Listas de apoio'!$A$6='Registo da Rotação'!H61),0,IF(SUMPRODUCT(--('Registo da Rotação'!$F$54:'Registo da Rotação'!F60='Registo da Rotação'!F61),--(ROW('Registo da Rotação'!$F$54:'Registo da Rotação'!F60)>IFERROR(LOOKUP(2,1/(('Registo da Rotação'!$F$54:'Registo da Rotação'!F60='Registo da Rotação'!F61)*('Registo da Rotação'!$G$54:'Registo da Rotação'!G60='Registo da Rotação'!G61)*('Registo da Rotação'!$H$54:'Registo da Rotação'!H60='Registo da Rotação'!H61)),ROW('Registo da Rotação'!$F$54:'Registo da Rotação'!F60)),0)),--((('Registo da Rotação'!$G$54:'Registo da Rotação'!G60='Listas de apoio'!$A$6)+('Registo da Rotação'!$H$54:'Registo da Rotação'!H60='Listas de apoio'!$A$6))>0))>0,0,1))+IF(OR('Listas de apoio'!$A$7="",'Listas de apoio'!$A$7='Registo da Rotação'!F61,'Listas de apoio'!$A$7='Registo da Rotação'!G61,'Listas de apoio'!$A$7='Registo da Rotação'!H61),0,IF(SUMPRODUCT(--('Registo da Rotação'!$F$54:'Registo da Rotação'!F60='Registo da Rotação'!F61),--(ROW('Registo da Rotação'!$F$54:'Registo da Rotação'!F60)>IFERROR(LOOKUP(2,1/(('Registo da Rotação'!$F$54:'Registo da Rotação'!F60='Registo da Rotação'!F61)*('Registo da Rotação'!$G$54:'Registo da Rotação'!G60='Registo da Rotação'!G61)*('Registo da Rotação'!$H$54:'Registo da Rotação'!H60='Registo da Rotação'!H61)),ROW('Registo da Rotação'!$F$54:'Registo da Rotação'!F60)),0)),--((('Registo da Rotação'!$G$54:'Registo da Rotação'!G60='Listas de apoio'!$A$7)+('Registo da Rotação'!$H$54:'Registo da Rotação'!H60='Listas de apoio'!$A$7))>0))>0,0,1))+IF(OR('Listas de apoio'!$A$8="",'Listas de apoio'!$A$8='Registo da Rotação'!F61,'Listas de apoio'!$A$8='Registo da Rotação'!G61,'Listas de apoio'!$A$8='Registo da Rotação'!H61),0,IF(SUMPRODUCT(--('Registo da Rotação'!$F$54:'Registo da Rotação'!F60='Registo da Rotação'!F61),--(ROW('Registo da Rotação'!$F$54:'Registo da Rotação'!F60)>IFERROR(LOOKUP(2,1/(('Registo da Rotação'!$F$54:'Registo da Rotação'!F60='Registo da Rotação'!F61)*('Registo da Rotação'!$G$54:'Registo da Rotação'!G60='Registo da Rotação'!G61)*('Registo da Rotação'!$H$54:'Registo da Rotação'!H60='Registo da Rotação'!H61)),ROW('Registo da Rotação'!$F$54:'Registo da Rotação'!F60)),0)),--((('Registo da Rotação'!$G$54:'Registo da Rotação'!G60='Listas de apoio'!$A$8)+('Registo da Rotação'!$H$54:'Registo da Rotação'!H60='Listas de apoio'!$A$8))>0))>0,0,1)))) -> 2 | U12: =IF('Registo da Rotação'!A61="",0,IF(OR(COUNTIF('Registo da Rotação'!$A$54:$A$162,'Registo da Rotação'!A61)>1,COUNTIFS('Registo da Rotação'!$C$54:$C$162,'Registo da Rotação'!C61,'Registo da Rotação'!$D$54:$D$162,'Registo da Rotação'!D61)>1),1,0)) -> 0 | W12: =IF('Registo da Rotação'!C175="",0,IF(COUNTA('Registo da Rotação'!A175:H175)<8,1,0)) -> 0 | X12: =IF('Registo da Rotação'!C175="",0,IF('Registo da Rotação'!E175='Registo da Rotação'!F175,1,0)) -> 0 | Y12: =IF('Registo da Rotação'!C175="",0,IF(COUNTIF('Registo da Rotação'!$C$6:$C$25,'Registo da Rotação'!B175)=0,1,0)) -> 0 | Z12: =IF('Registo da Rotação'!C175="",0,IF('Registo da Rotação'!D175="Executor",IF(COUNTIFS('Registo da Rotação'!$B$54:$B$162,'Registo da Rotação'!A175,'Registo da Rotação'!$C$54:$C$162,'Registo da Rotação'!B175,'Registo da Rotação'!$D$54:$D$162,'Registo da Rotação'!C175,'Registo da Rotação'!$G$54:$G$162,'Registo da Rotação'!F175)+COUNTIFS('Registo da Rotação'!$B$54:$B$162,'Registo da Rotação'!A175,'Registo da Rotação'!$C$54:$C$162,'Registo da Rotação'!B175,'Registo da Rotação'!$D$54:$D$162,'Registo da Rotação'!C175,'Registo da Rotação'!$H$54:$H$162,'Registo da Rotação'!F175)>0,1,0),IF('Registo da Rotação'!D175="Revisor",IF(COUNTIFS('Registo da Rotação'!$B$54:$B$162,'Registo da Rotação'!A175,'Registo da Rotação'!$C$54:$C$162,'Registo da Rotação'!B175,'Registo da Rotação'!$D$54:$D$162,'Registo da Rotação'!C175,'Registo da Rotação'!$F$54:$F$162,'Registo da Rotação'!F175)+COUNTIFS('Registo da Rotação'!$B$54:$B$162,'Registo da Rotação'!A175,'Registo da Rotação'!$C$54:$C$162,'Registo da Rotação'!B175,'Registo da Rotação'!$D$54:$D$162,'Registo da Rotação'!C175,'Registo da Rotação'!$H$54:$H$162,'Registo da Rotação'!F175)>0,1,0),IF('Registo da Rotação'!D175="Auditor",IF(COUNTIFS('Registo da Rotação'!$B$54:$B$162,'Registo da Rotação'!A175,'Registo da Rotação'!$C$54:$C$162,'Registo da Rotação'!B175,'Registo da Rotação'!$D$54:$D$162,'Registo da Rotação'!C175,'Registo da Rotação'!$F$54:$F$162,'Registo da Rotação'!F175)+COUNTIFS('Registo da Rotação'!$B$54:$B$162,'Registo da Rotação'!A175,'Registo da Rotação'!$C$54:$C$162,'Registo da Rotação'!B175,'Registo da Rotação'!$D$54:$D$162,'Registo da Rotação'!C175,'Registo da Rotação'!$G$54:$G$162,'Registo da Rotação'!F175)>0,1,0),0)))) -> 0 | AA12: =IF('Registo da Rotação'!C175="",0,IF('Registo da Rotação'!D175="Executor",IF(COUNTIFS('Registo da Rotação'!$B$54:$B$162,'Registo da Rotação'!A175,'Registo da Rotação'!$C$54:$C$162,'Registo da Rotação'!B175,'Registo da Rotação'!$D$54:$D$162,'Registo da Rotação'!C175,'Registo da Rotação'!$F$54:$F$162,'Registo da Rotação'!E175)=0,1,0),IF('Registo da Rotação'!D175="Revisor",IF(COUNTIFS('Registo da Rotação'!$B$54:$B$162,'Registo da Rotação'!A175,'Registo da Rotação'!$C$54:$C$162,'Registo da Rotação'!B175,'Registo da Rotação'!$D$54:$D$162,'Registo da Rotação'!C175,'Registo da Rotação'!$G$54:$G$162,'Registo da Rotação'!E175)=0,1,0),IF('Registo da Rotação'!D175="Auditor",IF(COUNTIFS('Registo da Rotação'!$B$54:$B$162,'Registo da Rotação'!A175,'Registo da Rotação'!$C$54:$C$162,'Registo da Rotação'!B175,'Registo da Rotação'!$D$54:$D$162,'Registo da Rotação'!C175,'Registo da Rotação'!$H$54:$H$162,'Registo da Rotação'!E175)=0,1,0),0)))) -> 0 | AB12: =IF('Registo da Rotação'!C175="",0,IF(AND(COUNTIFS('Registo da Rotação'!$C$6:$C$25,'Registo da Rotação'!B175,'Registo da Rotação'!$D$6:$D$25,"Concluído")>0,'Registo da Rotação'!H175="Ainda não avaliado"),1,0)) -> 0 | AD12: =IF(COUNTA('Registo da Rotação'!C13:C15)<3,0,IF(COUNTIF('Registo da Rotação'!D13:D15,"Concluído")<3,0,IF(SUMPRODUCT(--(COUNTIF('Registo da Rotação'!F13:F15,'Registo da Rotação'!F13:F15)>1))>0,1,0))) -> 0 | AE12: =IF('Registo da Rotação'!C13="",0,IF(COUNTIF('Registo da Rotação'!$A$29:$A$48,'Registo da Rotação'!C13)=0,1,0)) -> 0 | AF12: =IF('Registo da Rotação'!A36="",0,IF(AND('Registo da Rotação'!B36="Concluído",OR('Registo da Rotação'!K36="Ainda não aplicável",'Registo da Rotação'!O36="Ainda não aplicável")),1,0)) -> 0 | AG12: =IF('Registo da Rotação'!C13="",0,IF(OR(COUNTIF('Registo da Rotação'!$C$6:$C$25,'Registo da Rotação'!C13)>1,COUNTIF('Registo da Rotação'!$B$6:$B$25,'Registo da Rotação'!B13)>1),1,0)) -> 0 | AH12: =IF('Registo da Rotação'!C13="",0,IF(OR('Registo da Rotação'!E13='Registo da Rotação'!F13,AND('Registo da Rotação'!D13="Concluído",'Registo da Rotação'!G13="Ainda não avaliado")),1,0)) -> 0
E13: S09 | O13: =IF('Registo da Rotação'!A62="",0,IF(COUNTA('Registo da Rotação'!B62:K62)<10,1,0)) -> 0 | P13: =IF('Registo da Rotação'!A62="",0,IF(COUNTIF('Registo da Rotação'!$C$6:$C$25,'Registo da Rotação'!C62)=0,1,0)) -> 0 | Q13: =IF('Registo da Rotação'!A62="",0,IF(OR('Registo da Rotação'!F62='Registo da Rotação'!G62,'Registo da Rotação'!F62='Registo da Rotação'!H62,'Registo da Rotação'!G62='Registo da Rotação'!H62),1,0)) -> 0 | R13: =IF('Registo da Rotação'!A62="",0,IF(AND(IFERROR(VLOOKUP('Registo da Rotação'!C62,'Registo da Rotação'!$C$6:$D$25,2,FALSE),"")="Concluído",OR('Registo da Rotação'!I62="Ainda não avaliado",'Registo da Rotação'!J62="Ainda não avaliado",'Registo da Rotação'!K62="Ainda não avaliado")),1,0)) -> 0 | S13: =IF('Registo da Rotação'!A62="",0,IF(AND('Registo da Rotação'!G62=IFERROR(LOOKUP(2,1/('Registo da Rotação'!$F$54:'Registo da Rotação'!F61='Registo da Rotação'!F62),'Registo da Rotação'!$G$54:'Registo da Rotação'!G61),""),'Registo da Rotação'!H62=IFERROR(LOOKUP(2,1/('Registo da Rotação'!$F$54:'Registo da Rotação'!F61='Registo da Rotação'!F62),'Registo da Rotação'!$H$54:'Registo da Rotação'!H61),"")),1,0)) -> 0 | T13: =IF('Registo da Rotação'!A62="",0,IF(IFERROR(LOOKUP(2,1/(('Registo da Rotação'!$F$54:'Registo da Rotação'!F61='Registo da Rotação'!F62)*('Registo da Rotação'!$G$54:'Registo da Rotação'!G61='Registo da Rotação'!G62)*('Registo da Rotação'!$H$54:'Registo da Rotação'!H61='Registo da Rotação'!H62)),ROW('Registo da Rotação'!$F$54:'Registo da Rotação'!F61)),0)=0,0,IF(OR('Listas de apoio'!$A$5="",'Listas de apoio'!$A$5='Registo da Rotação'!F62,'Listas de apoio'!$A$5='Registo da Rotação'!G62,'Listas de apoio'!$A$5='Registo da Rotação'!H62),0,IF(SUMPRODUCT(--('Registo da Rotação'!$F$54:'Registo da Rotação'!F61='Registo da Rotação'!F62),--(ROW('Registo da Rotação'!$F$54:'Registo da Rotação'!F61)>IFERROR(LOOKUP(2,1/(('Registo da Rotação'!$F$54:'Registo da Rotação'!F61='Registo da Rotação'!F62)*('Registo da Rotação'!$G$54:'Registo da Rotação'!G61='Registo da Rotação'!G62)*('Registo da Rotação'!$H$54:'Registo da Rotação'!H61='Registo da Rotação'!H62)),ROW('Registo da Rotação'!$F$54:'Registo da Rotação'!F61)),0)),--((('Registo da Rotação'!$G$54:'Registo da Rotação'!G61='Listas de apoio'!$A$5)+('Registo da Rotação'!$H$54:'Registo da Rotação'!H61='Listas de apoio'!$A$5))>0))>0,0,1))+IF(OR('Listas de apoio'!$A$6="",'Listas de apoio'!$A$6='Registo da Rotação'!F62,'Listas de apoio'!$A$6='Registo da Rotação'!G62,'Listas de apoio'!$A$6='Registo da Rotação'!H62),0,IF(SUMPRODUCT(--('Registo da Rotação'!$F$54:'Registo da Rotação'!F61='Registo da Rotação'!F62),--(ROW('Registo da Rotação'!$F$54:'Registo da Rotação'!F61)>IFERROR(LOOKUP(2,1/(('Registo da Rotação'!$F$54:'Registo da Rotação'!F61='Registo da Rotação'!F62)*('Registo da Rotação'!$G$54:'Registo da Rotação'!G61='Registo da Rotação'!G62)*('Registo da Rotação'!$H$54:'Registo da Rotação'!H61='Registo da Rotação'!H62)),ROW('Registo da Rotação'!$F$54:'Registo da Rotação'!F61)),0)),--((('Registo da Rotação'!$G$54:'Registo da Rotação'!G61='Listas de apoio'!$A$6)+('Registo da Rotação'!$H$54:'Registo da Rotação'!H61='Listas de apoio'!$A$6))>0))>0,0,1))+IF(OR('Listas de apoio'!$A$7="",'Listas de apoio'!$A$7='Registo da Rotação'!F62,'Listas de apoio'!$A$7='Registo da Rotação'!G62,'Listas de apoio'!$A$7='Registo da Rotação'!H62),0,IF(SUMPRODUCT(--('Registo da Rotação'!$F$54:'Registo da Rotação'!F61='Registo da Rotação'!F62),--(ROW('Registo da Rotação'!$F$54:'Registo da Rotação'!F61)>IFERROR(LOOKUP(2,1/(('Registo da Rotação'!$F$54:'Registo da Rotação'!F61='Registo da Rotação'!F62)*('Registo da Rotação'!$G$54:'Registo da Rotação'!G61='Registo da Rotação'!G62)*('Registo da Rotação'!$H$54:'Registo da Rotação'!H61='Registo da Rotação'!H62)),ROW('Registo da Rotação'!$F$54:'Registo da Rotação'!F61)),0)),--((('Registo da Rotação'!$G$54:'Registo da Rotação'!G61='Listas de apoio'!$A$7)+('Registo da Rotação'!$H$54:'Registo da Rotação'!H61='Listas de apoio'!$A$7))>0))>0,0,1))+IF(OR('Listas de apoio'!$A$8="",'Listas de apoio'!$A$8='Registo da Rotação'!F62,'Listas de apoio'!$A$8='Registo da Rotação'!G62,'Listas de apoio'!$A$8='Registo da Rotação'!H62),0,IF(SUMPRODUCT(--('Registo da Rotação'!$F$54:'Registo da Rotação'!F61='Registo da Rotação'!F62),--(ROW('Registo da Rotação'!$F$54:'Registo da Rotação'!F61)>IFERROR(LOOKUP(2,1/(('Registo da Rotação'!$F$54:'Registo da Rotação'!F61='Registo da Rotação'!F62)*('Registo da Rotação'!$G$54:'Registo da Rotação'!G61='Registo da Rotação'!G62)*('Registo da Rotação'!$H$54:'Registo da Rotação'!H61='Registo da Rotação'!H62)),ROW('Registo da Rotação'!$F$54:'Registo da Rotação'!F61)),0)),--((('Registo da Rotação'!$G$54:'Registo da Rotação'!G61='Listas de apoio'!$A$8)+('Registo da Rotação'!$H$54:'Registo da Rotação'!H61='Listas de apoio'!$A$8))>0))>0,0,1)))) -> 0 | U13: =IF('Registo da Rotação'!A62="",0,IF(OR(COUNTIF('Registo da Rotação'!$A$54:$A$162,'Registo da Rotação'!A62)>1,COUNTIFS('Registo da Rotação'!$C$54:$C$162,'Registo da Rotação'!C62,'Registo da Rotação'!$D$54:$D$162,'Registo da Rotação'!D62)>1),1,0)) -> 0 | W13: =IF('Registo da Rotação'!C176="",0,IF(COUNTA('Registo da Rotação'!A176:H176)<8,1,0)) -> 0 | X13: =IF('Registo da Rotação'!C176="",0,IF('Registo da Rotação'!E176='Registo da Rotação'!F176,1,0)) -> 0 | Y13: =IF('Registo da Rotação'!C176="",0,IF(COUNTIF('Registo da Rotação'!$C$6:$C$25,'Registo da Rotação'!B176)=0,1,0)) -> 0 | Z13: =IF('Registo da Rotação'!C176="",0,IF('Registo da Rotação'!D176="Executor",IF(COUNTIFS('Registo da Rotação'!$B$54:$B$162,'Registo da Rotação'!A176,'Registo da Rotação'!$C$54:$C$162,'Registo da Rotação'!B176,'Registo da Rotação'!$D$54:$D$162,'Registo da Rotação'!C176,'Registo da Rotação'!$G$54:$G$162,'Registo da Rotação'!F176)+COUNTIFS('Registo da Rotação'!$B$54:$B$162,'Registo da Rotação'!A176,'Registo da Rotação'!$C$54:$C$162,'Registo da Rotação'!B176,'Registo da Rotação'!$D$54:$D$162,'Registo da Rotação'!C176,'Registo da Rotação'!$H$54:$H$162,'Registo da Rotação'!F176)>0,1,0),IF('Registo da Rotação'!D176="Revisor",IF(COUNTIFS('Registo da Rotação'!$B$54:$B$162,'Registo da Rotação'!A176,'Registo da Rotação'!$C$54:$C$162,'Registo da Rotação'!B176,'Registo da Rotação'!$D$54:$D$162,'Registo da Rotação'!C176,'Registo da Rotação'!$F$54:$F$162,'Registo da Rotação'!F176)+COUNTIFS('Registo da Rotação'!$B$54:$B$162,'Registo da Rotação'!A176,'Registo da Rotação'!$C$54:$C$162,'Registo da Rotação'!B176,'Registo da Rotação'!$D$54:$D$162,'Registo da Rotação'!C176,'Registo da Rotação'!$H$54:$H$162,'Registo da Rotação'!F176)>0,1,0),IF('Registo da Rotação'!D176="Auditor",IF(COUNTIFS('Registo da Rotação'!$B$54:$B$162,'Registo da Rotação'!A176,'Registo da Rotação'!$C$54:$C$162,'Registo da Rotação'!B176,'Registo da Rotação'!$D$54:$D$162,'Registo da Rotação'!C176,'Registo da Rotação'!$F$54:$F$162,'Registo da Rotação'!F176)+COUNTIFS('Registo da Rotação'!$B$54:$B$162,'Registo da Rotação'!A176,'Registo da Rotação'!$C$54:$C$162,'Registo da Rotação'!B176,'Registo da Rotação'!$D$54:$D$162,'Registo da Rotação'!C176,'Registo da Rotação'!$G$54:$G$162,'Registo da Rotação'!F176)>0,1,0),0)))) -> 0 | AA13: =IF('Registo da Rotação'!C176="",0,IF('Registo da Rotação'!D176="Executor",IF(COUNTIFS('Registo da Rotação'!$B$54:$B$162,'Registo da Rotação'!A176,'Registo da Rotação'!$C$54:$C$162,'Registo da Rotação'!B176,'Registo da Rotação'!$D$54:$D$162,'Registo da Rotação'!C176,'Registo da Rotação'!$F$54:$F$162,'Registo da Rotação'!E176)=0,1,0),IF('Registo da Rotação'!D176="Revisor",IF(COUNTIFS('Registo da Rotação'!$B$54:$B$162,'Registo da Rotação'!A176,'Registo da Rotação'!$C$54:$C$162,'Registo da Rotação'!B176,'Registo da Rotação'!$D$54:$D$162,'Registo da Rotação'!C176,'Registo da Rotação'!$G$54:$G$162,'Registo da Rotação'!E176)=0,1,0),IF('Registo da Rotação'!D176="Auditor",IF(COUNTIFS('Registo da Rotação'!$B$54:$B$162,'Registo da Rotação'!A176,'Registo da Rotação'!$C$54:$C$162,'Registo da Rotação'!B176,'Registo da Rotação'!$D$54:$D$162,'Registo da Rotação'!C176,'Registo da Rotação'!$H$54:$H$162,'Registo da Rotação'!E176)=0,1,0),0)))) -> 0 | AB13: =IF('Registo da Rotação'!C176="",0,IF(AND(COUNTIFS('Registo da Rotação'!$C$6:$C$25,'Registo da Rotação'!B176,'Registo da Rotação'!$D$6:$D$25,"Concluído")>0,'Registo da Rotação'!H176="Ainda não avaliado"),1,0)) -> 0 | AD13: =IF(COUNTA('Registo da Rotação'!C14:C16)<3,0,IF(COUNTIF('Registo da Rotação'!D14:D16,"Concluído")<3,0,IF(SUMPRODUCT(--(COUNTIF('Registo da Rotação'!F14:F16,'Registo da Rotação'!F14:F16)>1))>0,1,0))) -> 0 | AE13: =IF('Registo da Rotação'!C14="",0,IF(COUNTIF('Registo da Rotação'!$A$29:$A$48,'Registo da Rotação'!C14)=0,1,0)) -> 0 | AF13: =IF('Registo da Rotação'!A37="",0,IF(AND('Registo da Rotação'!B37="Concluído",OR('Registo da Rotação'!K37="Ainda não aplicável",'Registo da Rotação'!O37="Ainda não aplicável")),1,0)) -> 0 | AG13: =IF('Registo da Rotação'!C14="",0,IF(OR(COUNTIF('Registo da Rotação'!$C$6:$C$25,'Registo da Rotação'!C14)>1,COUNTIF('Registo da Rotação'!$B$6:$B$25,'Registo da Rotação'!B14)>1),1,0)) -> 0 | AH13: =IF('Registo da Rotação'!C14="",0,IF(OR('Registo da Rotação'!E14='Registo da Rotação'!F14,AND('Registo da Rotação'!D14="Concluído",'Registo da Rotação'!G14="Ainda não avaliado")),1,0)) -> 0
E14: S10 | O14: =IF('Registo da Rotação'!A63="",0,IF(COUNTA('Registo da Rotação'!B63:K63)<10,1,0)) -> 0 | P14: =IF('Registo da Rotação'!A63="",0,IF(COUNTIF('Registo da Rotação'!$C$6:$C$25,'Registo da Rotação'!C63)=0,1,0)) -> 0 | Q14: =IF('Registo da Rotação'!A63="",0,IF(OR('Registo da Rotação'!F63='Registo da Rotação'!G63,'Registo da Rotação'!F63='Registo da Rotação'!H63,'Registo da Rotação'!G63='Registo da Rotação'!H63),1,0)) -> 0 | R14: =IF('Registo da Rotação'!A63="",0,IF(AND(IFERROR(VLOOKUP('Registo da Rotação'!C63,'Registo da Rotação'!$C$6:$D$25,2,FALSE),"")="Concluído",OR('Registo da Rotação'!I63="Ainda não avaliado",'Registo da Rotação'!J63="Ainda não avaliado",'Registo da Rotação'!K63="Ainda não avaliado")),1,0)) -> 0 | S14: =IF('Registo da Rotação'!A63="",0,IF(AND('Registo da Rotação'!G63=IFERROR(LOOKUP(2,1/('Registo da Rotação'!$F$54:'Registo da Rotação'!F62='Registo da Rotação'!F63),'Registo da Rotação'!$G$54:'Registo da Rotação'!G62),""),'Registo da Rotação'!H63=IFERROR(LOOKUP(2,1/('Registo da Rotação'!$F$54:'Registo da Rotação'!F62='Registo da Rotação'!F63),'Registo da Rotação'!$H$54:'Registo da Rotação'!H62),"")),1,0)) -> 0 | T14: =IF('Registo da Rotação'!A63="",0,IF(IFERROR(LOOKUP(2,1/(('Registo da Rotação'!$F$54:'Registo da Rotação'!F62='Registo da Rotação'!F63)*('Registo da Rotação'!$G$54:'Registo da Rotação'!G62='Registo da Rotação'!G63)*('Registo da Rotação'!$H$54:'Registo da Rotação'!H62='Registo da Rotação'!H63)),ROW('Registo da Rotação'!$F$54:'Registo da Rotação'!F62)),0)=0,0,IF(OR('Listas de apoio'!$A$5="",'Listas de apoio'!$A$5='Registo da Rotação'!F63,'Listas de apoio'!$A$5='Registo da Rotação'!G63,'Listas de apoio'!$A$5='Registo da Rotação'!H63),0,IF(SUMPRODUCT(--('Registo da Rotação'!$F$54:'Registo da Rotação'!F62='Registo da Rotação'!F63),--(ROW('Registo da Rotação'!$F$54:'Registo da Rotação'!F62)>IFERROR(LOOKUP(2,1/(('Registo da Rotação'!$F$54:'Registo da Rotação'!F62='Registo da Rotação'!F63)*('Registo da Rotação'!$G$54:'Registo da Rotação'!G62='Registo da Rotação'!G63)*('Registo da Rotação'!$H$54:'Registo da Rotação'!H62='Registo da Rotação'!H63)),ROW('Registo da Rotação'!$F$54:'Registo da Rotação'!F62)),0)),--((('Registo da Rotação'!$G$54:'Registo da Rotação'!G62='Listas de apoio'!$A$5)+('Registo da Rotação'!$H$54:'Registo da Rotação'!H62='Listas de apoio'!$A$5))>0))>0,0,1))+IF(OR('Listas de apoio'!$A$6="",'Listas de apoio'!$A$6='Registo da Rotação'!F63,'Listas de apoio'!$A$6='Registo da Rotação'!G63,'Listas de apoio'!$A$6='Registo da Rotação'!H63),0,IF(SUMPRODUCT(--('Registo da Rotação'!$F$54:'Registo da Rotação'!F62='Registo da Rotação'!F63),--(ROW('Registo da Rotação'!$F$54:'Registo da Rotação'!F62)>IFERROR(LOOKUP(2,1/(('Registo da Rotação'!$F$54:'Registo da Rotação'!F62='Registo da Rotação'!F63)*('Registo da Rotação'!$G$54:'Registo da Rotação'!G62='Registo da Rotação'!G63)*('Registo da Rotação'!$H$54:'Registo da Rotação'!H62='Registo da Rotação'!H63)),ROW('Registo da Rotação'!$F$54:'Registo da Rotação'!F62)),0)),--((('Registo da Rotação'!$G$54:'Registo da Rotação'!G62='Listas de apoio'!$A$6)+('Registo da Rotação'!$H$54:'Registo da Rotação'!H62='Listas de apoio'!$A$6))>0))>0,0,1))+IF(OR('Listas de apoio'!$A$7="",'Listas de apoio'!$A$7='Registo da Rotação'!F63,'Listas de apoio'!$A$7='Registo da Rotação'!G63,'Listas de apoio'!$A$7='Registo da Rotação'!H63),0,IF(SUMPRODUCT(--('Registo da Rotação'!$F$54:'Registo da Rotação'!F62='Registo da Rotação'!F63),--(ROW('Registo da Rotação'!$F$54:'Registo da Rotação'!F62)>IFERROR(LOOKUP(2,1/(('Registo da Rotação'!$F$54:'Registo da Rotação'!F62='Registo da Rotação'!F63)*('Registo da Rotação'!$G$54:'Registo da Rotação'!G62='Registo da Rotação'!G63)*('Registo da Rotação'!$H$54:'Registo da Rotação'!H62='Registo da Rotação'!H63)),ROW('Registo da Rotação'!$F$54:'Registo da Rotação'!F62)),0)),--((('Registo da Rotação'!$G$54:'Registo da Rotação'!G62='Listas de apoio'!$A$7)+('Registo da Rotação'!$H$54:'Registo da Rotação'!H62='Listas de apoio'!$A$7))>0))>0,0,1))+IF(OR('Listas de apoio'!$A$8="",'Listas de apoio'!$A$8='Registo da Rotação'!F63,'Listas de apoio'!$A$8='Registo da Rotação'!G63,'Listas de apoio'!$A$8='Registo da Rotação'!H63),0,IF(SUMPRODUCT(--('Registo da Rotação'!$F$54:'Registo da Rotação'!F62='Registo da Rotação'!F63),--(ROW('Registo da Rotação'!$F$54:'Registo da Rotação'!F62)>IFERROR(LOOKUP(2,1/(('Registo da Rotação'!$F$54:'Registo da Rotação'!F62='Registo da Rotação'!F63)*('Registo da Rotação'!$G$54:'Registo da Rotação'!G62='Registo da Rotação'!G63)*('Registo da Rotação'!$H$54:'Registo da Rotação'!H62='Registo da Rotação'!H63)),ROW('Registo da Rotação'!$F$54:'Registo da Rotação'!F62)),0)),--((('Registo da Rotação'!$G$54:'Registo da Rotação'!G62='Listas de apoio'!$A$8)+('Registo da Rotação'!$H$54:'Registo da Rotação'!H62='Listas de apoio'!$A$8))>0))>0,0,1)))) -> 1 | U14: =IF('Registo da Rotação'!A63="",0,IF(OR(COUNTIF('Registo da Rotação'!$A$54:$A$162,'Registo da Rotação'!A63)>1,COUNTIFS('Registo da Rotação'!$C$54:$C$162,'Registo da Rotação'!C63,'Registo da Rotação'!$D$54:$D$162,'Registo da Rotação'!D63)>1),1,0)) -> 0 | W14: =IF('Registo da Rotação'!C177="",0,IF(COUNTA('Registo da Rotação'!A177:H177)<8,1,0)) -> 0 | X14: =IF('Registo da Rotação'!C177="",0,IF('Registo da Rotação'!E177='Registo da Rotação'!F177,1,0)) -> 0 | Y14: =IF('Registo da Rotação'!C177="",0,IF(COUNTIF('Registo da Rotação'!$C$6:$C$25,'Registo da Rotação'!B177)=0,1,0)) -> 0 | Z14: =IF('Registo da Rotação'!C177="",0,IF('Registo da Rotação'!D177="Executor",IF(COUNTIFS('Registo da Rotação'!$B$54:$B$162,'Registo da Rotação'!A177,'Registo da Rotação'!$C$54:$C$162,'Registo da Rotação'!B177,'Registo da Rotação'!$D$54:$D$162,'Registo da Rotação'!C177,'Registo da Rotação'!$G$54:$G$162,'Registo da Rotação'!F177)+COUNTIFS('Registo da Rotação'!$B$54:$B$162,'Registo da Rotação'!A177,'Registo da Rotação'!$C$54:$C$162,'Registo da Rotação'!B177,'Registo da Rotação'!$D$54:$D$162,'Registo da Rotação'!C177,'Registo da Rotação'!$H$54:$H$162,'Registo da Rotação'!F177)>0,1,0),IF('Registo da Rotação'!D177="Revisor",IF(COUNTIFS('Registo da Rotação'!$B$54:$B$162,'Registo da Rotação'!A177,'Registo da Rotação'!$C$54:$C$162,'Registo da Rotação'!B177,'Registo da Rotação'!$D$54:$D$162,'Registo da Rotação'!C177,'Registo da Rotação'!$F$54:$F$162,'Registo da Rotação'!F177)+COUNTIFS('Registo da Rotação'!$B$54:$B$162,'Registo da Rotação'!A177,'Registo da Rotação'!$C$54:$C$162,'Registo da Rotação'!B177,'Registo da Rotação'!$D$54:$D$162,'Registo da Rotação'!C177,'Registo da Rotação'!$H$54:$H$162,'Registo da Rotação'!F177)>0,1,0),IF('Registo da Rotação'!D177="Auditor",IF(COUNTIFS('Registo da Rotação'!$B$54:$B$162,'Registo da Rotação'!A177,'Registo da Rotação'!$C$54:$C$162,'Registo da Rotação'!B177,'Registo da Rotação'!$D$54:$D$162,'Registo da Rotação'!C177,'Registo da Rotação'!$F$54:$F$162,'Registo da Rotação'!F177)+COUNTIFS('Registo da Rotação'!$B$54:$B$162,'Registo da Rotação'!A177,'Registo da Rotação'!$C$54:$C$162,'Registo da Rotação'!B177,'Registo da Rotação'!$D$54:$D$162,'Registo da Rotação'!C177,'Registo da Rotação'!$G$54:$G$162,'Registo da Rotação'!F177)>0,1,0),0)))) -> 0 | AA14: =IF('Registo da Rotação'!C177="",0,IF('Registo da Rotação'!D177="Executor",IF(COUNTIFS('Registo da Rotação'!$B$54:$B$162,'Registo da Rotação'!A177,'Registo da Rotação'!$C$54:$C$162,'Registo da Rotação'!B177,'Registo da Rotação'!$D$54:$D$162,'Registo da Rotação'!C177,'Registo da Rotação'!$F$54:$F$162,'Registo da Rotação'!E177)=0,1,0),IF('Registo da Rotação'!D177="Revisor",IF(COUNTIFS('Registo da Rotação'!$B$54:$B$162,'Registo da Rotação'!A177,'Registo da Rotação'!$C$54:$C$162,'Registo da Rotação'!B177,'Registo da Rotação'!$D$54:$D$162,'Registo da Rotação'!C177,'Registo da Rotação'!$G$54:$G$162,'Registo da Rotação'!E177)=0,1,0),IF('Registo da Rotação'!D177="Auditor",IF(COUNTIFS('Registo da Rotação'!$B$54:$B$162,'Registo da Rotação'!A177,'Registo da Rotação'!$C$54:$C$162,'Registo da Rotação'!B177,'Registo da Rotação'!$D$54:$D$162,'Registo da Rotação'!C177,'Registo da Rotação'!$H$54:$H$162,'Registo da Rotação'!E177)=0,1,0),0)))) -> 0 | AB14: =IF('Registo da Rotação'!C177="",0,IF(AND(COUNTIFS('Registo da Rotação'!$C$6:$C$25,'Registo da Rotação'!B177,'Registo da Rotação'!$D$6:$D$25,"Concluído")>0,'Registo da Rotação'!H177="Ainda não avaliado"),1,0)) -> 0 | AD14: =IF(COUNTA('Registo da Rotação'!C15:C17)<3,0,IF(COUNTIF('Registo da Rotação'!D15:D17,"Concluído")<3,0,IF(SUMPRODUCT(--(COUNTIF('Registo da Rotação'!F15:F17,'Registo da Rotação'!F15:F17)>1))>0,1,0))) -> 0 | AE14: =IF('Registo da Rotação'!C15="",0,IF(COUNTIF('Registo da Rotação'!$A$29:$A$48,'Registo da Rotação'!C15)=0,1,0)) -> 0 | AF14: =IF('Registo da Rotação'!A38="",0,IF(AND('Registo da Rotação'!B38="Concluído",OR('Registo da Rotação'!K38="Ainda não aplicável",'Registo da Rotação'!O38="Ainda não aplicável")),1,0)) -> 0 | AG14: =IF('Registo da Rotação'!C15="",0,IF(OR(COUNTIF('Registo da Rotação'!$C$6:$C$25,'Registo da Rotação'!C15)>1,COUNTIF('Registo da Rotação'!$B$6:$B$25,'Registo da Rotação'!B15)>1),1,0)) -> 0 | AH14: =IF('Registo da Rotação'!C15="",0,IF(OR('Registo da Rotação'!E15='Registo da Rotação'!F15,AND('Registo da Rotação'!D15="Concluído",'Registo da Rotação'!G15="Ainda não avaliado")),1,0)) -> 0
E15: S11 | O15: =IF('Registo da Rotação'!A64="",0,IF(COUNTA('Registo da Rotação'!B64:K64)<10,1,0)) -> 0 | P15: =IF('Registo da Rotação'!A64="",0,IF(COUNTIF('Registo da Rotação'!$C$6:$C$25,'Registo da Rotação'!C64)=0,1,0)) -> 0 | Q15: =IF('Registo da Rotação'!A64="",0,IF(OR('Registo da Rotação'!F64='Registo da Rotação'!G64,'Registo da Rotação'!F64='Registo da Rotação'!H64,'Registo da Rotação'!G64='Registo da Rotação'!H64),1,0)) -> 0 | R15: =IF('Registo da Rotação'!A64="",0,IF(AND(IFERROR(VLOOKUP('Registo da Rotação'!C64,'Registo da Rotação'!$C$6:$D$25,2,FALSE),"")="Concluído",OR('Registo da Rotação'!I64="Ainda não avaliado",'Registo da Rotação'!J64="Ainda não avaliado",'Registo da Rotação'!K64="Ainda não avaliado")),1,0)) -> 0 | S15: =IF('Registo da Rotação'!A64="",0,IF(AND('Registo da Rotação'!G64=IFERROR(LOOKUP(2,1/('Registo da Rotação'!$F$54:'Registo da Rotação'!F63='Registo da Rotação'!F64),'Registo da Rotação'!$G$54:'Registo da Rotação'!G63),""),'Registo da Rotação'!H64=IFERROR(LOOKUP(2,1/('Registo da Rotação'!$F$54:'Registo da Rotação'!F63='Registo da Rotação'!F64),'Registo da Rotação'!$H$54:'Registo da Rotação'!H63),"")),1,0)) -> 0 | T15: =IF('Registo da Rotação'!A64="",0,IF(IFERROR(LOOKUP(2,1/(('Registo da Rotação'!$F$54:'Registo da Rotação'!F63='Registo da Rotação'!F64)*('Registo da Rotação'!$G$54:'Registo da Rotação'!G63='Registo da Rotação'!G64)*('Registo da Rotação'!$H$54:'Registo da Rotação'!H63='Registo da Rotação'!H64)),ROW('Registo da Rotação'!$F$54:'Registo da Rotação'!F63)),0)=0,0,IF(OR('Listas de apoio'!$A$5="",'Listas de apoio'!$A$5='Registo da Rotação'!F64,'Listas de apoio'!$A$5='Registo da Rotação'!G64,'Listas de apoio'!$A$5='Registo da Rotação'!H64),0,IF(SUMPRODUCT(--('Registo da Rotação'!$F$54:'Registo da Rotação'!F63='Registo da Rotação'!F64),--(ROW('Registo da Rotação'!$F$54:'Registo da Rotação'!F63)>IFERROR(LOOKUP(2,1/(('Registo da Rotação'!$F$54:'Registo da Rotação'!F63='Registo da Rotação'!F64)*('Registo da Rotação'!$G$54:'Registo da Rotação'!G63='Registo da Rotação'!G64)*('Registo da Rotação'!$H$54:'Registo da Rotação'!H63='Registo da Rotação'!H64)),ROW('Registo da Rotação'!$F$54:'Registo da Rotação'!F63)),0)),--((('Registo da Rotação'!$G$54:'Registo da Rotação'!G63='Listas de apoio'!$A$5)+('Registo da Rotação'!$H$54:'Registo da Rotação'!H63='Listas de apoio'!$A$5))>0))>0,0,1))+IF(OR('Listas de apoio'!$A$6="",'Listas de apoio'!$A$6='Registo da Rotação'!F64,'Listas de apoio'!$A$6='Registo da Rotação'!G64,'Listas de apoio'!$A$6='Registo da Rotação'!H64),0,IF(SUMPRODUCT(--('Registo da Rotação'!$F$54:'Registo da Rotação'!F63='Registo da Rotação'!F64),--(ROW('Registo da Rotação'!$F$54:'Registo da Rotação'!F63)>IFERROR(LOOKUP(2,1/(('Registo da Rotação'!$F$54:'Registo da Rotação'!F63='Registo da Rotação'!F64)*('Registo da Rotação'!$G$54:'Registo da Rotação'!G63='Registo da Rotação'!G64)*('Registo da Rotação'!$H$54:'Registo da Rotação'!H63='Registo da Rotação'!H64)),ROW('Registo da Rotação'!$F$54:'Registo da Rotação'!F63)),0)),--((('Registo da Rotação'!$G$54:'Registo da Rotação'!G63='Listas de apoio'!$A$6)+('Registo da Rotação'!$H$54:'Registo da Rotação'!H63='Listas de apoio'!$A$6))>0))>0,0,1))+IF(OR('Listas de apoio'!$A$7="",'Listas de apoio'!$A$7='Registo da Rotação'!F64,'Listas de apoio'!$A$7='Registo da Rotação'!G64,'Listas de apoio'!$A$7='Registo da Rotação'!H64),0,IF(SUMPRODUCT(--('Registo da Rotação'!$F$54:'Registo da Rotação'!F63='Registo da Rotação'!F64),--(ROW('Registo da Rotação'!$F$54:'Registo da Rotação'!F63)>IFERROR(LOOKUP(2,1/(('Registo da Rotação'!$F$54:'Registo da Rotação'!F63='Registo da Rotação'!F64)*('Registo da Rotação'!$G$54:'Registo da Rotação'!G63='Registo da Rotação'!G64)*('Registo da Rotação'!$H$54:'Registo da Rotação'!H63='Registo da Rotação'!H64)),ROW('Registo da Rotação'!$F$54:'Registo da Rotação'!F63)),0)),--((('Registo da Rotação'!$G$54:'Registo da Rotação'!G63='Listas de apoio'!$A$7)+('Registo da Rotação'!$H$54:'Registo da Rotação'!H63='Listas de apoio'!$A$7))>0))>0,0,1))+IF(OR('Listas de apoio'!$A$8="",'Listas de apoio'!$A$8='Registo da Rotação'!F64,'Listas de apoio'!$A$8='Registo da Rotação'!G64,'Listas de apoio'!$A$8='Registo da Rotação'!H64),0,IF(SUMPRODUCT(--('Registo da Rotação'!$F$54:'Registo da Rotação'!F63='Registo da Rotação'!F64),--(ROW('Registo da Rotação'!$F$54:'Registo da Rotação'!F63)>IFERROR(LOOKUP(2,1/(('Registo da Rotação'!$F$54:'Registo da Rotação'!F63='Registo da Rotação'!F64)*('Registo da Rotação'!$G$54:'Registo da Rotação'!G63='Registo da Rotação'!G64)*('Registo da Rotação'!$H$54:'Registo da Rotação'!H63='Registo da Rotação'!H64)),ROW('Registo da Rotação'!$F$54:'Registo da Rotação'!F63)),0)),--((('Registo da Rotação'!$G$54:'Registo da Rotação'!G63='Listas de apoio'!$A$8)+('Registo da Rotação'!$H$54:'Registo da Rotação'!H63='Listas de apoio'!$A$8))>0))>0,0,1)))) -> 0 | U15: =IF('Registo da Rotação'!A64="",0,IF(OR(COUNTIF('Registo da Rotação'!$A$54:$A$162,'Registo da Rotação'!A64)>1,COUNTIFS('Registo da Rotação'!$C$54:$C$162,'Registo da Rotação'!C64,'Registo da Rotação'!$D$54:$D$162,'Registo da Rotação'!D64)>1),1,0)) -> 0 | W15: =IF('Registo da Rotação'!C178="",0,IF(COUNTA('Registo da Rotação'!A178:H178)<8,1,0)) -> 0 | X15: =IF('Registo da Rotação'!C178="",0,IF('Registo da Rotação'!E178='Registo da Rotação'!F178,1,0)) -> 0 | Y15: =IF('Registo da Rotação'!C178="",0,IF(COUNTIF('Registo da Rotação'!$C$6:$C$25,'Registo da Rotação'!B178)=0,1,0)) -> 0 | Z15: =IF('Registo da Rotação'!C178="",0,IF('Registo da Rotação'!D178="Executor",IF(COUNTIFS('Registo da Rotação'!$B$54:$B$162,'Registo da Rotação'!A178,'Registo da Rotação'!$C$54:$C$162,'Registo da Rotação'!B178,'Registo da Rotação'!$D$54:$D$162,'Registo da Rotação'!C178,'Registo da Rotação'!$G$54:$G$162,'Registo da Rotação'!F178)+COUNTIFS('Registo da Rotação'!$B$54:$B$162,'Registo da Rotação'!A178,'Registo da Rotação'!$C$54:$C$162,'Registo da Rotação'!B178,'Registo da Rotação'!$D$54:$D$162,'Registo da Rotação'!C178,'Registo da Rotação'!$H$54:$H$162,'Registo da Rotação'!F178)>0,1,0),IF('Registo da Rotação'!D178="Revisor",IF(COUNTIFS('Registo da Rotação'!$B$54:$B$162,'Registo da Rotação'!A178,'Registo da Rotação'!$C$54:$C$162,'Registo da Rotação'!B178,'Registo da Rotação'!$D$54:$D$162,'Registo da Rotação'!C178,'Registo da Rotação'!$F$54:$F$162,'Registo da Rotação'!F178)+COUNTIFS('Registo da Rotação'!$B$54:$B$162,'Registo da Rotação'!A178,'Registo da Rotação'!$C$54:$C$162,'Registo da Rotação'!B178,'Registo da Rotação'!$D$54:$D$162,'Registo da Rotação'!C178,'Registo da Rotação'!$H$54:$H$162,'Registo da Rotação'!F178)>0,1,0),IF('Registo da Rotação'!D178="Auditor",IF(COUNTIFS('Registo da Rotação'!$B$54:$B$162,'Registo da Rotação'!A178,'Registo da Rotação'!$C$54:$C$162,'Registo da Rotação'!B178,'Registo da Rotação'!$D$54:$D$162,'Registo da Rotação'!C178,'Registo da Rotação'!$F$54:$F$162,'Registo da Rotação'!F178)+COUNTIFS('Registo da Rotação'!$B$54:$B$162,'Registo da Rotação'!A178,'Registo da Rotação'!$C$54:$C$162,'Registo da Rotação'!B178,'Registo da Rotação'!$D$54:$D$162,'Registo da Rotação'!C178,'Registo da Rotação'!$G$54:$G$162,'Registo da Rotação'!F178)>0,1,0),0)))) -> 0 | AA15: =IF('Registo da Rotação'!C178="",0,IF('Registo da Rotação'!D178="Executor",IF(COUNTIFS('Registo da Rotação'!$B$54:$B$162,'Registo da Rotação'!A178,'Registo da Rotação'!$C$54:$C$162,'Registo da Rotação'!B178,'Registo da Rotação'!$D$54:$D$162,'Registo da Rotação'!C178,'Registo da Rotação'!$F$54:$F$162,'Registo da Rotação'!E178)=0,1,0),IF('Registo da Rotação'!D178="Revisor",IF(COUNTIFS('Registo da Rotação'!$B$54:$B$162,'Registo da Rotação'!A178,'Registo da Rotação'!$C$54:$C$162,'Registo da Rotação'!B178,'Registo da Rotação'!$D$54:$D$162,'Registo da Rotação'!C178,'Registo da Rotação'!$G$54:$G$162,'Registo da Rotação'!E178)=0,1,0),IF('Registo da Rotação'!D178="Auditor",IF(COUNTIFS('Registo da Rotação'!$B$54:$B$162,'Registo da Rotação'!A178,'Registo da Rotação'!$C$54:$C$162,'Registo da Rotação'!B178,'Registo da Rotação'!$D$54:$D$162,'Registo da Rotação'!C178,'Registo da Rotação'!$H$54:$H$162,'Registo da Rotação'!E178)=0,1,0),0)))) -> 0 | AB15: =IF('Registo da Rotação'!C178="",0,IF(AND(COUNTIFS('Registo da Rotação'!$C$6:$C$25,'Registo da Rotação'!B178,'Registo da Rotação'!$D$6:$D$25,"Concluído")>0,'Registo da Rotação'!H178="Ainda não avaliado"),1,0)) -> 0 | AD15: =IF(COUNTA('Registo da Rotação'!C16:C18)<3,0,IF(COUNTIF('Registo da Rotação'!D16:D18,"Concluído")<3,0,IF(SUMPRODUCT(--(COUNTIF('Registo da Rotação'!F16:F18,'Registo da Rotação'!F16:F18)>1))>0,1,0))) -> 0 | AE15: =IF('Registo da Rotação'!C16="",0,IF(COUNTIF('Registo da Rotação'!$A$29:$A$48,'Registo da Rotação'!C16)=0,1,0)) -> 0 | AF15: =IF('Registo da Rotação'!A39="",0,IF(AND('Registo da Rotação'!B39="Concluído",OR('Registo da Rotação'!K39="Ainda não aplicável",'Registo da Rotação'!O39="Ainda não aplicável")),1,0)) -> 0 | AG15: =IF('Registo da Rotação'!C16="",0,IF(OR(COUNTIF('Registo da Rotação'!$C$6:$C$25,'Registo da Rotação'!C16)>1,COUNTIF('Registo da Rotação'!$B$6:$B$25,'Registo da Rotação'!B16)>1),1,0)) -> 0 | AH15: =IF('Registo da Rotação'!C16="",0,IF(OR('Registo da Rotação'!E16='Registo da Rotação'!F16,AND('Registo da Rotação'!D16="Concluído",'Registo da Rotação'!G16="Ainda não avaliado")),1,0)) -> 0
E16: S12 | O16: =IF('Registo da Rotação'!A65="",0,IF(COUNTA('Registo da Rotação'!B65:K65)<10,1,0)) -> 0 | P16: =IF('Registo da Rotação'!A65="",0,IF(COUNTIF('Registo da Rotação'!$C$6:$C$25,'Registo da Rotação'!C65)=0,1,0)) -> 0 | Q16: =IF('Registo da Rotação'!A65="",0,IF(OR('Registo da Rotação'!F65='Registo da Rotação'!G65,'Registo da Rotação'!F65='Registo da Rotação'!H65,'Registo da Rotação'!G65='Registo da Rotação'!H65),1,0)) -> 0 | R16: =IF('Registo da Rotação'!A65="",0,IF(AND(IFERROR(VLOOKUP('Registo da Rotação'!C65,'Registo da Rotação'!$C$6:$D$25,2,FALSE),"")="Concluído",OR('Registo da Rotação'!I65="Ainda não avaliado",'Registo da Rotação'!J65="Ainda não avaliado",'Registo da Rotação'!K65="Ainda não avaliado")),1,0)) -> 0 | S16: =IF('Registo da Rotação'!A65="",0,IF(AND('Registo da Rotação'!G65=IFERROR(LOOKUP(2,1/('Registo da Rotação'!$F$54:'Registo da Rotação'!F64='Registo da Rotação'!F65),'Registo da Rotação'!$G$54:'Registo da Rotação'!G64),""),'Registo da Rotação'!H65=IFERROR(LOOKUP(2,1/('Registo da Rotação'!$F$54:'Registo da Rotação'!F64='Registo da Rotação'!F65),'Registo da Rotação'!$H$54:'Registo da Rotação'!H64),"")),1,0)) -> 0 | T16: =IF('Registo da Rotação'!A65="",0,IF(IFERROR(LOOKUP(2,1/(('Registo da Rotação'!$F$54:'Registo da Rotação'!F64='Registo da Rotação'!F65)*('Registo da Rotação'!$G$54:'Registo da Rotação'!G64='Registo da Rotação'!G65)*('Registo da Rotação'!$H$54:'Registo da Rotação'!H64='Registo da Rotação'!H65)),ROW('Registo da Rotação'!$F$54:'Registo da Rotação'!F64)),0)=0,0,IF(OR('Listas de apoio'!$A$5="",'Listas de apoio'!$A$5='Registo da Rotação'!F65,'Listas de apoio'!$A$5='Registo da Rotação'!G65,'Listas de apoio'!$A$5='Registo da Rotação'!H65),0,IF(SUMPRODUCT(--('Registo da Rotação'!$F$54:'Registo da Rotação'!F64='Registo da Rotação'!F65),--(ROW('Registo da Rotação'!$F$54:'Registo da Rotação'!F64)>IFERROR(LOOKUP(2,1/(('Registo da Rotação'!$F$54:'Registo da Rotação'!F64='Registo da Rotação'!F65)*('Registo da Rotação'!$G$54:'Registo da Rotação'!G64='Registo da Rotação'!G65)*('Registo da Rotação'!$H$54:'Registo da Rotação'!H64='Registo da Rotação'!H65)),ROW('Registo da Rotação'!$F$54:'Registo da Rotação'!F64)),0)),--((('Registo da Rotação'!$G$54:'Registo da Rotação'!G64='Listas de apoio'!$A$5)+('Registo da Rotação'!$H$54:'Registo da Rotação'!H64='Listas de apoio'!$A$5))>0))>0,0,1))+IF(OR('Listas de apoio'!$A$6="",'Listas de apoio'!$A$6='Registo da Rotação'!F65,'Listas de apoio'!$A$6='Registo da Rotação'!G65,'Listas de apoio'!$A$6='Registo da Rotação'!H65),0,IF(SUMPRODUCT(--('Registo da Rotação'!$F$54:'Registo da Rotação'!F64='Registo da Rotação'!F65),--(ROW('Registo da Rotação'!$F$54:'Registo da Rotação'!F64)>IFERROR(LOOKUP(2,1/(('Registo da Rotação'!$F$54:'Registo da Rotação'!F64='Registo da Rotação'!F65)*('Registo da Rotação'!$G$54:'Registo da Rotação'!G64='Registo da Rotação'!G65)*('Registo da Rotação'!$H$54:'Registo da Rotação'!H64='Registo da Rotação'!H65)),ROW('Registo da Rotação'!$F$54:'Registo da Rotação'!F64)),0)),--((('Registo da Rotação'!$G$54:'Registo da Rotação'!G64='Listas de apoio'!$A$6)+('Registo da Rotação'!$H$54:'Registo da Rotação'!H64='Listas de apoio'!$A$6))>0))>0,0,1))+IF(OR('Listas de apoio'!$A$7="",'Listas de apoio'!$A$7='Registo da Rotação'!F65,'Listas de apoio'!$A$7='Registo da Rotação'!G65,'Listas de apoio'!$A$7='Registo da Rotação'!H65),0,IF(SUMPRODUCT(--('Registo da Rotação'!$F$54:'Registo da Rotação'!F64='Registo da Rotação'!F65),--(ROW('Registo da Rotação'!$F$54:'Registo da Rotação'!F64)>IFERROR(LOOKUP(2,1/(('Registo da Rotação'!$F$54:'Registo da Rotação'!F64='Registo da Rotação'!F65)*('Registo da Rotação'!$G$54:'Registo da Rotação'!G64='Registo da Rotação'!G65)*('Registo da Rotação'!$H$54:'Registo da Rotação'!H64='Registo da Rotação'!H65)),ROW('Registo da Rotação'!$F$54:'Registo da Rotação'!F64)),0)),--((('Registo da Rotação'!$G$54:'Registo da Rotação'!G64='Listas de apoio'!$A$7)+('Registo da Rotação'!$H$54:'Registo da Rotação'!H64='Listas de apoio'!$A$7))>0))>0,0,1))+IF(OR('Listas de apoio'!$A$8="",'Listas de apoio'!$A$8='Registo da Rotação'!F65,'Listas de apoio'!$A$8='Registo da Rotação'!G65,'Listas de apoio'!$A$8='Registo da Rotação'!H65),0,IF(SUMPRODUCT(--('Registo da Rotação'!$F$54:'Registo da Rotação'!F64='Registo da Rotação'!F65),--(ROW('Registo da Rotação'!$F$54:'Registo da Rotação'!F64)>IFERROR(LOOKUP(2,1/(('Registo da Rotação'!$F$54:'Registo da Rotação'!F64='Registo da Rotação'!F65)*('Registo da Rotação'!$G$54:'Registo da Rotação'!G64='Registo da Rotação'!G65)*('Registo da Rotação'!$H$54:'Registo da Rotação'!H64='Registo da Rotação'!H65)),ROW('Registo da Rotação'!$F$54:'Registo da Rotação'!F64)),0)),--((('Registo da Rotação'!$G$54:'Registo da Rotação'!G64='Listas de apoio'!$A$8)+('Registo da Rotação'!$H$54:'Registo da Rotação'!H64='Listas de apoio'!$A$8))>0))>0,0,1)))) -> 0 | U16: =IF('Registo da Rotação'!A65="",0,IF(OR(COUNTIF('Registo da Rotação'!$A$54:$A$162,'Registo da Rotação'!A65)>1,COUNTIFS('Registo da Rotação'!$C$54:$C$162,'Registo da Rotação'!C65,'Registo da Rotação'!$D$54:$D$162,'Registo da Rotação'!D65)>1),1,0)) -> 0 | W16: =IF('Registo da Rotação'!C179="",0,IF(COUNTA('Registo da Rotação'!A179:H179)<8,1,0)) -> 0 | X16: =IF('Registo da Rotação'!C179="",0,IF('Registo da Rotação'!E179='Registo da Rotação'!F179,1,0)) -> 0 | Y16: =IF('Registo da Rotação'!C179="",0,IF(COUNTIF('Registo da Rotação'!$C$6:$C$25,'Registo da Rotação'!B179)=0,1,0)) -> 0 | Z16: =IF('Registo da Rotação'!C179="",0,IF('Registo da Rotação'!D179="Executor",IF(COUNTIFS('Registo da Rotação'!$B$54:$B$162,'Registo da Rotação'!A179,'Registo da Rotação'!$C$54:$C$162,'Registo da Rotação'!B179,'Registo da Rotação'!$D$54:$D$162,'Registo da Rotação'!C179,'Registo da Rotação'!$G$54:$G$162,'Registo da Rotação'!F179)+COUNTIFS('Registo da Rotação'!$B$54:$B$162,'Registo da Rotação'!A179,'Registo da Rotação'!$C$54:$C$162,'Registo da Rotação'!B179,'Registo da Rotação'!$D$54:$D$162,'Registo da Rotação'!C179,'Registo da Rotação'!$H$54:$H$162,'Registo da Rotação'!F179)>0,1,0),IF('Registo da Rotação'!D179="Revisor",IF(COUNTIFS('Registo da Rotação'!$B$54:$B$162,'Registo da Rotação'!A179,'Registo da Rotação'!$C$54:$C$162,'Registo da Rotação'!B179,'Registo da Rotação'!$D$54:$D$162,'Registo da Rotação'!C179,'Registo da Rotação'!$F$54:$F$162,'Registo da Rotação'!F179)+COUNTIFS('Registo da Rotação'!$B$54:$B$162,'Registo da Rotação'!A179,'Registo da Rotação'!$C$54:$C$162,'Registo da Rotação'!B179,'Registo da Rotação'!$D$54:$D$162,'Registo da Rotação'!C179,'Registo da Rotação'!$H$54:$H$162,'Registo da Rotação'!F179)>0,1,0),IF('Registo da Rotação'!D179="Auditor",IF(COUNTIFS('Registo da Rotação'!$B$54:$B$162,'Registo da Rotação'!A179,'Registo da Rotação'!$C$54:$C$162,'Registo da Rotação'!B179,'Registo da Rotação'!$D$54:$D$162,'Registo da Rotação'!C179,'Registo da Rotação'!$F$54:$F$162,'Registo da Rotação'!F179)+COUNTIFS('Registo da Rotação'!$B$54:$B$162,'Registo da Rotação'!A179,'Registo da Rotação'!$C$54:$C$162,'Registo da Rotação'!B179,'Registo da Rotação'!$D$54:$D$162,'Registo da Rotação'!C179,'Registo da Rotação'!$G$54:$G$162,'Registo da Rotação'!F179)>0,1,0),0)))) -> 0 | AA16: =IF('Registo da Rotação'!C179="",0,IF('Registo da Rotação'!D179="Executor",IF(COUNTIFS('Registo da Rotação'!$B$54:$B$162,'Registo da Rotação'!A179,'Registo da Rotação'!$C$54:$C$162,'Registo da Rotação'!B179,'Registo da Rotação'!$D$54:$D$162,'Registo da Rotação'!C179,'Registo da Rotação'!$F$54:$F$162,'Registo da Rotação'!E179)=0,1,0),IF('Registo da Rotação'!D179="Revisor",IF(COUNTIFS('Registo da Rotação'!$B$54:$B$162,'Registo da Rotação'!A179,'Registo da Rotação'!$C$54:$C$162,'Registo da Rotação'!B179,'Registo da Rotação'!$D$54:$D$162,'Registo da Rotação'!C179,'Registo da Rotação'!$G$54:$G$162,'Registo da Rotação'!E179)=0,1,0),IF('Registo da Rotação'!D179="Auditor",IF(COUNTIFS('Registo da Rotação'!$B$54:$B$162,'Registo da Rotação'!A179,'Registo da Rotação'!$C$54:$C$162,'Registo da Rotação'!B179,'Registo da Rotação'!$D$54:$D$162,'Registo da Rotação'!C179,'Registo da Rotação'!$H$54:$H$162,'Registo da Rotação'!E179)=0,1,0),0)))) -> 0 | AB16: =IF('Registo da Rotação'!C179="",0,IF(AND(COUNTIFS('Registo da Rotação'!$C$6:$C$25,'Registo da Rotação'!B179,'Registo da Rotação'!$D$6:$D$25,"Concluído")>0,'Registo da Rotação'!H179="Ainda não avaliado"),1,0)) -> 0 | AD16: =IF(COUNTA('Registo da Rotação'!C17:C19)<3,0,IF(COUNTIF('Registo da Rotação'!D17:D19,"Concluído")<3,0,IF(SUMPRODUCT(--(COUNTIF('Registo da Rotação'!F17:F19,'Registo da Rotação'!F17:F19)>1))>0,1,0))) -> 0 | AE16: =IF('Registo da Rotação'!C17="",0,IF(COUNTIF('Registo da Rotação'!$A$29:$A$48,'Registo da Rotação'!C17)=0,1,0)) -> 0 | AF16: =IF('Registo da Rotação'!A40="",0,IF(AND('Registo da Rotação'!B40="Concluído",OR('Registo da Rotação'!K40="Ainda não aplicável",'Registo da Rotação'!O40="Ainda não aplicável")),1,0)) -> 0 | AG16: =IF('Registo da Rotação'!C17="",0,IF(OR(COUNTIF('Registo da Rotação'!$C$6:$C$25,'Registo da Rotação'!C17)>1,COUNTIF('Registo da Rotação'!$B$6:$B$25,'Registo da Rotação'!B17)>1),1,0)) -> 0 | AH16: =IF('Registo da Rotação'!C17="",0,IF(OR('Registo da Rotação'!E17='Registo da Rotação'!F17,AND('Registo da Rotação'!D17="Concluído",'Registo da Rotação'!G17="Ainda não avaliado")),1,0)) -> 0
E17: S13 | O17: =IF('Registo da Rotação'!A75="",0,IF(COUNTA('Registo da Rotação'!B75:K75)<10,1,0)) -> 0 | P17: =IF('Registo da Rotação'!A75="",0,IF(COUNTIF('Registo da Rotação'!$C$6:$C$25,'Registo da Rotação'!C75)=0,1,0)) -> 0 | Q17: =IF('Registo da Rotação'!A75="",0,IF(OR('Registo da Rotação'!F75='Registo da Rotação'!G75,'Registo da Rotação'!F75='Registo da Rotação'!H75,'Registo da Rotação'!G75='Registo da Rotação'!H75),1,0)) -> 0 | R17: =IF('Registo da Rotação'!A75="",0,IF(AND(IFERROR(VLOOKUP('Registo da Rotação'!C75,'Registo da Rotação'!$C$6:$D$25,2,FALSE),"")="Concluído",OR('Registo da Rotação'!I75="Ainda não avaliado",'Registo da Rotação'!J75="Ainda não avaliado",'Registo da Rotação'!K75="Ainda não avaliado")),1,0)) -> 0 | S17: =IF('Registo da Rotação'!A75="",0,IF(AND('Registo da Rotação'!G75=IFERROR(LOOKUP(2,1/('Registo da Rotação'!$F$54:'Registo da Rotação'!F65='Registo da Rotação'!F75),'Registo da Rotação'!$G$54:'Registo da Rotação'!G65),""),'Registo da Rotação'!H75=IFERROR(LOOKUP(2,1/('Registo da Rotação'!$F$54:'Registo da Rotação'!F65='Registo da Rotação'!F75),'Registo da Rotação'!$H$54:'Registo da Rotação'!H65),"")),1,0)) -> 0 | T17: =IF('Registo da Rotação'!A75="",0,IF(IFERROR(LOOKUP(2,1/(('Registo da Rotação'!$F$54:'Registo da Rotação'!F65='Registo da Rotação'!F75)*('Registo da Rotação'!$G$54:'Registo da Rotação'!G65='Registo da Rotação'!G75)*('Registo da Rotação'!$H$54:'Registo da Rotação'!H65='Registo da Rotação'!H75)),ROW('Registo da Rotação'!$F$54:'Registo da Rotação'!F65)),0)=0,0,IF(OR('Listas de apoio'!$A$5="",'Listas de apoio'!$A$5='Registo da Rotação'!F75,'Listas de apoio'!$A$5='Registo da Rotação'!G75,'Listas de apoio'!$A$5='Registo da Rotação'!H75),0,IF(SUMPRODUCT(--('Registo da Rotação'!$F$54:'Registo da Rotação'!F65='Registo da Rotação'!F75),--(ROW('Registo da Rotação'!$F$54:'Registo da Rotação'!F65)>IFERROR(LOOKUP(2,1/(('Registo da Rotação'!$F$54:'Registo da Rotação'!F65='Registo da Rotação'!F75)*('Registo da Rotação'!$G$54:'Registo da Rotação'!G65='Registo da Rotação'!G75)*('Registo da Rotação'!$H$54:'Registo da Rotação'!H65='Registo da Rotação'!H75)),ROW('Registo da Rotação'!$F$54:'Registo da Rotação'!F65)),0)),--((('Registo da Rotação'!$G$54:'Registo da Rotação'!G65='Listas de apoio'!$A$5)+('Registo da Rotação'!$H$54:'Registo da Rotação'!H65='Listas de apoio'!$A$5))>0))>0,0,1))+IF(OR('Listas de apoio'!$A$6="",'Listas de apoio'!$A$6='Registo da Rotação'!F75,'Listas de apoio'!$A$6='Registo da Rotação'!G75,'Listas de apoio'!$A$6='Registo da Rotação'!H75),0,IF(SUMPRODUCT(--('Registo da Rotação'!$F$54:'Registo da Rotação'!F65='Registo da Rotação'!F75),--(ROW('Registo da Rotação'!$F$54:'Registo da Rotação'!F65)>IFERROR(LOOKUP(2,1/(('Registo da Rotação'!$F$54:'Registo da Rotação'!F65='Registo da Rotação'!F75)*('Registo da Rotação'!$G$54:'Registo da Rotação'!G65='Registo da Rotação'!G75)*('Registo da Rotação'!$H$54:'Registo da Rotação'!H65='Registo da Rotação'!H75)),ROW('Registo da Rotação'!$F$54:'Registo da Rotação'!F65)),0)),--((('Registo da Rotação'!$G$54:'Registo da Rotação'!G65='Listas de apoio'!$A$6)+('Registo da Rotação'!$H$54:'Registo da Rotação'!H65='Listas de apoio'!$A$6))>0))>0,0,1))+IF(OR('Listas de apoio'!$A$7="",'Listas de apoio'!$A$7='Registo da Rotação'!F75,'Listas de apoio'!$A$7='Registo da Rotação'!G75,'Listas de apoio'!$A$7='Registo da Rotação'!H75),0,IF(SUMPRODUCT(--('Registo da Rotação'!$F$54:'Registo da Rotação'!F65='Registo da Rotação'!F75),--(ROW('Registo da Rotação'!$F$54:'Registo da Rotação'!F65)>IFERROR(LOOKUP(2,1/(('Registo da Rotação'!$F$54:'Registo da Rotação'!F65='Registo da Rotação'!F75)*('Registo da Rotação'!$G$54:'Registo da Rotação'!G65='Registo da Rotação'!G75)*('Registo da Rotação'!$H$54:'Registo da Rotação'!H65='Registo da Rotação'!H75)),ROW('Registo da Rotação'!$F$54:'Registo da Rotação'!F65)),0)),--((('Registo da Rotação'!$G$54:'Registo da Rotação'!G65='Listas de apoio'!$A$7)+('Registo da Rotação'!$H$54:'Registo da Rotação'!H65='Listas de apoio'!$A$7))>0))>0,0,1))+IF(OR('Listas de apoio'!$A$8="",'Listas de apoio'!$A$8='Registo da Rotação'!F75,'Listas de apoio'!$A$8='Registo da Rotação'!G75,'Listas de apoio'!$A$8='Registo da Rotação'!H75),0,IF(SUMPRODUCT(--('Registo da Rotação'!$F$54:'Registo da Rotação'!F65='Registo da Rotação'!F75),--(ROW('Registo da Rotação'!$F$54:'Registo da Rotação'!F65)>IFERROR(LOOKUP(2,1/(('Registo da Rotação'!$F$54:'Registo da Rotação'!F65='Registo da Rotação'!F75)*('Registo da Rotação'!$G$54:'Registo da Rotação'!G65='Registo da Rotação'!G75)*('Registo da Rotação'!$H$54:'Registo da Rotação'!H65='Registo da Rotação'!H75)),ROW('Registo da Rotação'!$F$54:'Registo da Rotação'!F65)),0)),--((('Registo da Rotação'!$G$54:'Registo da Rotação'!G65='Listas de apoio'!$A$8)+('Registo da Rotação'!$H$54:'Registo da Rotação'!H65='Listas de apoio'!$A$8))>0))>0,0,1)))) -> 0 | U17: =IF('Registo da Rotação'!A75="",0,IF(OR(COUNTIF('Registo da Rotação'!$A$54:$A$162,'Registo da Rotação'!A75)>1,COUNTIFS('Registo da Rotação'!$C$54:$C$162,'Registo da Rotação'!C75,'Registo da Rotação'!$D$54:$D$162,'Registo da Rotação'!D75)>1),1,0)) -> 0 | W17: =IF('Registo da Rotação'!C180="",0,IF(COUNTA('Registo da Rotação'!A180:H180)<8,1,0)) -> 0 | X17: =IF('Registo da Rotação'!C180="",0,IF('Registo da Rotação'!E180='Registo da Rotação'!F180,1,0)) -> 0 | Y17: =IF('Registo da Rotação'!C180="",0,IF(COUNTIF('Registo da Rotação'!$C$6:$C$25,'Registo da Rotação'!B180)=0,1,0)) -> 0 | Z17: =IF('Registo da Rotação'!C180="",0,IF('Registo da Rotação'!D180="Executor",IF(COUNTIFS('Registo da Rotação'!$B$54:$B$162,'Registo da Rotação'!A180,'Registo da Rotação'!$C$54:$C$162,'Registo da Rotação'!B180,'Registo da Rotação'!$D$54:$D$162,'Registo da Rotação'!C180,'Registo da Rotação'!$G$54:$G$162,'Registo da Rotação'!F180)+COUNTIFS('Registo da Rotação'!$B$54:$B$162,'Registo da Rotação'!A180,'Registo da Rotação'!$C$54:$C$162,'Registo da Rotação'!B180,'Registo da Rotação'!$D$54:$D$162,'Registo da Rotação'!C180,'Registo da Rotação'!$H$54:$H$162,'Registo da Rotação'!F180)>0,1,0),IF('Registo da Rotação'!D180="Revisor",IF(COUNTIFS('Registo da Rotação'!$B$54:$B$162,'Registo da Rotação'!A180,'Registo da Rotação'!$C$54:$C$162,'Registo da Rotação'!B180,'Registo da Rotação'!$D$54:$D$162,'Registo da Rotação'!C180,'Registo da Rotação'!$F$54:$F$162,'Registo da Rotação'!F180)+COUNTIFS('Registo da Rotação'!$B$54:$B$162,'Registo da Rotação'!A180,'Registo da Rotação'!$C$54:$C$162,'Registo da Rotação'!B180,'Registo da Rotação'!$D$54:$D$162,'Registo da Rotação'!C180,'Registo da Rotação'!$H$54:$H$162,'Registo da Rotação'!F180)>0,1,0),IF('Registo da Rotação'!D180="Auditor",IF(COUNTIFS('Registo da Rotação'!$B$54:$B$162,'Registo da Rotação'!A180,'Registo da Rotação'!$C$54:$C$162,'Registo da Rotação'!B180,'Registo da Rotação'!$D$54:$D$162,'Registo da Rotação'!C180,'Registo da Rotação'!$F$54:$F$162,'Registo da Rotação'!F180)+COUNTIFS('Registo da Rotação'!$B$54:$B$162,'Registo da Rotação'!A180,'Registo da Rotação'!$C$54:$C$162,'Registo da Rotação'!B180,'Registo da Rotação'!$D$54:$D$162,'Registo da Rotação'!C180,'Registo da Rotação'!$G$54:$G$162,'Registo da Rotação'!F180)>0,1,0),0)))) -> 0 | AA17: =IF('Registo da Rotação'!C180="",0,IF('Registo da Rotação'!D180="Executor",IF(COUNTIFS('Registo da Rotação'!$B$54:$B$162,'Registo da Rotação'!A180,'Registo da Rotação'!$C$54:$C$162,'Registo da Rotação'!B180,'Registo da Rotação'!$D$54:$D$162,'Registo da Rotação'!C180,'Registo da Rotação'!$F$54:$F$162,'Registo da Rotação'!E180)=0,1,0),IF('Registo da Rotação'!D180="Revisor",IF(COUNTIFS('Registo da Rotação'!$B$54:$B$162,'Registo da Rotação'!A180,'Registo da Rotação'!$C$54:$C$162,'Registo da Rotação'!B180,'Registo da Rotação'!$D$54:$D$162,'Registo da Rotação'!C180,'Registo da Rotação'!$G$54:$G$162,'Registo da Rotação'!E180)=0,1,0),IF('Registo da Rotação'!D180="Auditor",IF(COUNTIFS('Registo da Rotação'!$B$54:$B$162,'Registo da Rotação'!A180,'Registo da Rotação'!$C$54:$C$162,'Registo da Rotação'!B180,'Registo da Rotação'!$D$54:$D$162,'Registo da Rotação'!C180,'Registo da Rotação'!$H$54:$H$162,'Registo da Rotação'!E180)=0,1,0),0)))) -> 0 | AB17: =IF('Registo da Rotação'!C180="",0,IF(AND(COUNTIFS('Registo da Rotação'!$C$6:$C$25,'Registo da Rotação'!B180,'Registo da Rotação'!$D$6:$D$25,"Concluído")>0,'Registo da Rotação'!H180="Ainda não avaliado"),1,0)) -> 0 | AD17: =IF(COUNTA('Registo da Rotação'!C18:C20)<3,0,IF(COUNTIF('Registo da Rotação'!D18:D20,"Concluído")<3,0,IF(SUMPRODUCT(--(COUNTIF('Registo da Rotação'!F18:F20,'Registo da Rotação'!F18:F20)>1))>0,1,0))) -> 0 | AE17: =IF('Registo da Rotação'!C18="",0,IF(COUNTIF('Registo da Rotação'!$A$29:$A$48,'Registo da Rotação'!C18)=0,1,0)) -> 0 | AF17: =IF('Registo da Rotação'!A41="",0,IF(AND('Registo da Rotação'!B41="Concluído",OR('Registo da Rotação'!K41="Ainda não aplicável",'Registo da Rotação'!O41="Ainda não aplicável")),1,0)) -> 0 | AG17: =IF('Registo da Rotação'!C18="",0,IF(OR(COUNTIF('Registo da Rotação'!$C$6:$C$25,'Registo da Rotação'!C18)>1,COUNTIF('Registo da Rotação'!$B$6:$B$25,'Registo da Rotação'!B18)>1),1,0)) -> 0 | AH17: =IF('Registo da Rotação'!C18="",0,IF(OR('Registo da Rotação'!E18='Registo da Rotação'!F18,AND('Registo da Rotação'!D18="Concluído",'Registo da Rotação'!G18="Ainda não avaliado")),1,0)) -> 0
E18: S14 | O18: =IF('Registo da Rotação'!A76="",0,IF(COUNTA('Registo da Rotação'!B76:K76)<10,1,0)) -> 0 | P18: =IF('Registo da Rotação'!A76="",0,IF(COUNTIF('Registo da Rotação'!$C$6:$C$25,'Registo da Rotação'!C76)=0,1,0)) -> 0 | Q18: =IF('Registo da Rotação'!A76="",0,IF(OR('Registo da Rotação'!F76='Registo da Rotação'!G76,'Registo da Rotação'!F76='Registo da Rotação'!H76,'Registo da Rotação'!G76='Registo da Rotação'!H76),1,0)) -> 0 | R18: =IF('Registo da Rotação'!A76="",0,IF(AND(IFERROR(VLOOKUP('Registo da Rotação'!C76,'Registo da Rotação'!$C$6:$D$25,2,FALSE),"")="Concluído",OR('Registo da Rotação'!I76="Ainda não avaliado",'Registo da Rotação'!J76="Ainda não avaliado",'Registo da Rotação'!K76="Ainda não avaliado")),1,0)) -> 0 | S18: =IF('Registo da Rotação'!A76="",0,IF(AND('Registo da Rotação'!G76=IFERROR(LOOKUP(2,1/('Registo da Rotação'!$F$54:'Registo da Rotação'!F75='Registo da Rotação'!F76),'Registo da Rotação'!$G$54:'Registo da Rotação'!G75),""),'Registo da Rotação'!H76=IFERROR(LOOKUP(2,1/('Registo da Rotação'!$F$54:'Registo da Rotação'!F75='Registo da Rotação'!F76),'Registo da Rotação'!$H$54:'Registo da Rotação'!H75),"")),1,0)) -> 0 | T18: =IF('Registo da Rotação'!A76="",0,IF(IFERROR(LOOKUP(2,1/(('Registo da Rotação'!$F$54:'Registo da Rotação'!F75='Registo da Rotação'!F76)*('Registo da Rotação'!$G$54:'Registo da Rotação'!G75='Registo da Rotação'!G76)*('Registo da Rotação'!$H$54:'Registo da Rotação'!H75='Registo da Rotação'!H76)),ROW('Registo da Rotação'!$F$54:'Registo da Rotação'!F75)),0)=0,0,IF(OR('Listas de apoio'!$A$5="",'Listas de apoio'!$A$5='Registo da Rotação'!F76,'Listas de apoio'!$A$5='Registo da Rotação'!G76,'Listas de apoio'!$A$5='Registo da Rotação'!H76),0,IF(SUMPRODUCT(--('Registo da Rotação'!$F$54:'Registo da Rotação'!F75='Registo da Rotação'!F76),--(ROW('Registo da Rotação'!$F$54:'Registo da Rotação'!F75)>IFERROR(LOOKUP(2,1/(('Registo da Rotação'!$F$54:'Registo da Rotação'!F75='Registo da Rotação'!F76)*('Registo da Rotação'!$G$54:'Registo da Rotação'!G75='Registo da Rotação'!G76)*('Registo da Rotação'!$H$54:'Registo da Rotação'!H75='Registo da Rotação'!H76)),ROW('Registo da Rotação'!$F$54:'Registo da Rotação'!F75)),0)),--((('Registo da Rotação'!$G$54:'Registo da Rotação'!G75='Listas de apoio'!$A$5)+('Registo da Rotação'!$H$54:'Registo da Rotação'!H75='Listas de apoio'!$A$5))>0))>0,0,1))+IF(OR('Listas de apoio'!$A$6="",'Listas de apoio'!$A$6='Registo da Rotação'!F76,'Listas de apoio'!$A$6='Registo da Rotação'!G76,'Listas de apoio'!$A$6='Registo da Rotação'!H76),0,IF(SUMPRODUCT(--('Registo da Rotação'!$F$54:'Registo da Rotação'!F75='Registo da Rotação'!F76),--(ROW('Registo da Rotação'!$F$54:'Registo da Rotação'!F75)>IFERROR(LOOKUP(2,1/(('Registo da Rotação'!$F$54:'Registo da Rotação'!F75='Registo da Rotação'!F76)*('Registo da Rotação'!$G$54:'Registo da Rotação'!G75='Registo da Rotação'!G76)*('Registo da Rotação'!$H$54:'Registo da Rotação'!H75='Registo da Rotação'!H76)),ROW('Registo da Rotação'!$F$54:'Registo da Rotação'!F75)),0)),--((('Registo da Rotação'!$G$54:'Registo da Rotação'!G75='Listas de apoio'!$A$6)+('Registo da Rotação'!$H$54:'Registo da Rotação'!H75='Listas de apoio'!$A$6))>0))>0,0,1))+IF(OR('Listas de apoio'!$A$7="",'Listas de apoio'!$A$7='Registo da Rotação'!F76,'Listas de apoio'!$A$7='Registo da Rotação'!G76,'Listas de apoio'!$A$7='Registo da Rotação'!H76),0,IF(SUMPRODUCT(--('Registo da Rotação'!$F$54:'Registo da Rotação'!F75='Registo da Rotação'!F76),--(ROW('Registo da Rotação'!$F$54:'Registo da Rotação'!F75)>IFERROR(LOOKUP(2,1/(('Registo da Rotação'!$F$54:'Registo da Rotação'!F75='Registo da Rotação'!F76)*('Registo da Rotação'!$G$54:'Registo da Rotação'!G75='Registo da Rotação'!G76)*('Registo da Rotação'!$H$54:'Registo da Rotação'!H75='Registo da Rotação'!H76)),ROW('Registo da Rotação'!$F$54:'Registo da Rotação'!F75)),0)),--((('Registo da Rotação'!$G$54:'Registo da Rotação'!G75='Listas de apoio'!$A$7)+('Registo da Rotação'!$H$54:'Registo da Rotação'!H75='Listas de apoio'!$A$7))>0))>0,0,1))+IF(OR('Listas de apoio'!$A$8="",'Listas de apoio'!$A$8='Registo da Rotação'!F76,'Listas de apoio'!$A$8='Registo da Rotação'!G76,'Listas de apoio'!$A$8='Registo da Rotação'!H76),0,IF(SUMPRODUCT(--('Registo da Rotação'!$F$54:'Registo da Rotação'!F75='Registo da Rotação'!F76),--(ROW('Registo da Rotação'!$F$54:'Registo da Rotação'!F75)>IFERROR(LOOKUP(2,1/(('Registo da Rotação'!$F$54:'Registo da Rotação'!F75='Registo da Rotação'!F76)*('Registo da Rotação'!$G$54:'Registo da Rotação'!G75='Registo da Rotação'!G76)*('Registo da Rotação'!$H$54:'Registo da Rotação'!H75='Registo da Rotação'!H76)),ROW('Registo da Rotação'!$F$54:'Registo da Rotação'!F75)),0)),--((('Registo da Rotação'!$G$54:'Registo da Rotação'!G75='Listas de apoio'!$A$8)+('Registo da Rotação'!$H$54:'Registo da Rotação'!H75='Listas de apoio'!$A$8))>0))>0,0,1)))) -> 0 | U18: =IF('Registo da Rotação'!A76="",0,IF(OR(COUNTIF('Registo da Rotação'!$A$54:$A$162,'Registo da Rotação'!A76)>1,COUNTIFS('Registo da Rotação'!$C$54:$C$162,'Registo da Rotação'!C76,'Registo da Rotação'!$D$54:$D$162,'Registo da Rotação'!D76)>1),1,0)) -> 0 | W18: =IF('Registo da Rotação'!C181="",0,IF(COUNTA('Registo da Rotação'!A181:H181)<8,1,0)) -> 0 | X18: =IF('Registo da Rotação'!C181="",0,IF('Registo da Rotação'!E181='Registo da Rotação'!F181,1,0)) -> 0 | Y18: =IF('Registo da Rotação'!C181="",0,IF(COUNTIF('Registo da Rotação'!$C$6:$C$25,'Registo da Rotação'!B181)=0,1,0)) -> 0 | Z18: =IF('Registo da Rotação'!C181="",0,IF('Registo da Rotação'!D181="Executor",IF(COUNTIFS('Registo da Rotação'!$B$54:$B$162,'Registo da Rotação'!A181,'Registo da Rotação'!$C$54:$C$162,'Registo da Rotação'!B181,'Registo da Rotação'!$D$54:$D$162,'Registo da Rotação'!C181,'Registo da Rotação'!$G$54:$G$162,'Registo da Rotação'!F181)+COUNTIFS('Registo da Rotação'!$B$54:$B$162,'Registo da Rotação'!A181,'Registo da Rotação'!$C$54:$C$162,'Registo da Rotação'!B181,'Registo da Rotação'!$D$54:$D$162,'Registo da Rotação'!C181,'Registo da Rotação'!$H$54:$H$162,'Registo da Rotação'!F181)>0,1,0),IF('Registo da Rotação'!D181="Revisor",IF(COUNTIFS('Registo da Rotação'!$B$54:$B$162,'Registo da Rotação'!A181,'Registo da Rotação'!$C$54:$C$162,'Registo da Rotação'!B181,'Registo da Rotação'!$D$54:$D$162,'Registo da Rotação'!C181,'Registo da Rotação'!$F$54:$F$162,'Registo da Rotação'!F181)+COUNTIFS('Registo da Rotação'!$B$54:$B$162,'Registo da Rotação'!A181,'Registo da Rotação'!$C$54:$C$162,'Registo da Rotação'!B181,'Registo da Rotação'!$D$54:$D$162,'Registo da Rotação'!C181,'Registo da Rotação'!$H$54:$H$162,'Registo da Rotação'!F181)>0,1,0),IF('Registo da Rotação'!D181="Auditor",IF(COUNTIFS('Registo da Rotação'!$B$54:$B$162,'Registo da Rotação'!A181,'Registo da Rotação'!$C$54:$C$162,'Registo da Rotação'!B181,'Registo da Rotação'!$D$54:$D$162,'Registo da Rotação'!C181,'Registo da Rotação'!$F$54:$F$162,'Registo da Rotação'!F181)+COUNTIFS('Registo da Rotação'!$B$54:$B$162,'Registo da Rotação'!A181,'Registo da Rotação'!$C$54:$C$162,'Registo da Rotação'!B181,'Registo da Rotação'!$D$54:$D$162,'Registo da Rotação'!C181,'Registo da Rotação'!$G$54:$G$162,'Registo da Rotação'!F181)>0,1,0),0)))) -> 0 | AA18: =IF('Registo da Rotação'!C181="",0,IF('Registo da Rotação'!D181="Executor",IF(COUNTIFS('Registo da Rotação'!$B$54:$B$162,'Registo da Rotação'!A181,'Registo da Rotação'!$C$54:$C$162,'Registo da Rotação'!B181,'Registo da Rotação'!$D$54:$D$162,'Registo da Rotação'!C181,'Registo da Rotação'!$F$54:$F$162,'Registo da Rotação'!E181)=0,1,0),IF('Registo da Rotação'!D181="Revisor",IF(COUNTIFS('Registo da Rotação'!$B$54:$B$162,'Registo da Rotação'!A181,'Registo da Rotação'!$C$54:$C$162,'Registo da Rotação'!B181,'Registo da Rotação'!$D$54:$D$162,'Registo da Rotação'!C181,'Registo da Rotação'!$G$54:$G$162,'Registo da Rotação'!E181)=0,1,0),IF('Registo da Rotação'!D181="Auditor",IF(COUNTIFS('Registo da Rotação'!$B$54:$B$162,'Registo da Rotação'!A181,'Registo da Rotação'!$C$54:$C$162,'Registo da Rotação'!B181,'Registo da Rotação'!$D$54:$D$162,'Registo da Rotação'!C181,'Registo da Rotação'!$H$54:$H$162,'Registo da Rotação'!E181)=0,1,0),0)))) -> 0 | AB18: =IF('Registo da Rotação'!C181="",0,IF(AND(COUNTIFS('Registo da Rotação'!$C$6:$C$25,'Registo da Rotação'!B181,'Registo da Rotação'!$D$6:$D$25,"Concluído")>0,'Registo da Rotação'!H181="Ainda não avaliado"),1,0)) -> 0 | AD18: =IF(COUNTA('Registo da Rotação'!C19:C21)<3,0,IF(COUNTIF('Registo da Rotação'!D19:D21,"Concluído")<3,0,IF(SUMPRODUCT(--(COUNTIF('Registo da Rotação'!F19:F21,'Registo da Rotação'!F19:F21)>1))>0,1,0))) -> 0 | AE18: =IF('Registo da Rotação'!C19="",0,IF(COUNTIF('Registo da Rotação'!$A$29:$A$48,'Registo da Rotação'!C19)=0,1,0)) -> 0 | AF18: =IF('Registo da Rotação'!A42="",0,IF(AND('Registo da Rotação'!B42="Concluído",OR('Registo da Rotação'!K42="Ainda não aplicável",'Registo da Rotação'!O42="Ainda não aplicável")),1,0)) -> 0 | AG18: =IF('Registo da Rotação'!C19="",0,IF(OR(COUNTIF('Registo da Rotação'!$C$6:$C$25,'Registo da Rotação'!C19)>1,COUNTIF('Registo da Rotação'!$B$6:$B$25,'Registo da Rotação'!B19)>1),1,0)) -> 0 | AH18: =IF('Registo da Rotação'!C19="",0,IF(OR('Registo da Rotação'!E19='Registo da Rotação'!F19,AND('Registo da Rotação'!D19="Concluído",'Registo da Rotação'!G19="Ainda não avaliado")),1,0)) -> 0
